timestamp_s,v_gt,h_gt,w_gnss,w_gyro_corr,w_snet,y_w_m030,nis_m030,actual_gate_applied,head_err_m028,head_err_m029,head_err_m030,pos_err_m030,w_gnss_degs,w_gyro_degs,w_snet_degs,y_w_degs
298.0,11.304388059701488,253.4,-0.0037821391529977433,-0.07497665625014628,-0.11331326514482498,-0.0383366088946787,12.030594707836405,ACCEPTED_INFLATED,7.115939631391399,34.51270029527845,31.172372720322727,109.89492884674574,-0.21670061099795462,-4.295845965136547,-6.492371855645328,-2.196525890508781
298.1,11.326278606965175,253.4,-0.006625852801867893,0.03185601390796289,-0.1109599694609642,-0.1428159833689271,166.02239309994502,REJECTED_OUTLIER,7.375829631500864,35.0947001491042,30.988324613623092,109.84759788002593,-0.37963340122196154,1.8252151490363255,-6.357537945013753,-8.182753094050078
298.2,11.351130346232173,253.33238289205704,-0.009469566450738043,-0.03894125833964714,-0.10735402256250381,-0.06841276422285666,37.798997697465595,REJECTED_OUTLIER,7.351072478450334,35.63164830586177,31.130059694968907,109.72199152809674,-0.5425661914459684,-2.231169751790401,-6.150932406583683,-3.9197626547932822
298.3,11.376588594704684,253.25091649694502,-0.012313280099609969,-0.04093201378129613,-0.11315793544054031,-0.07222592165924419,41.804444860762935,REJECTED_OUTLIER,7.3629384107954365,36.17997755023586,31.26396331413258,109.55394899626734,-0.7054989816700771,-2.34523163663959,-6.483472119156802,-4.138240482517212
298.4,11.402046843177182,253.16945010183304,-0.013976852584200117,0.03945601252105564,-0.1062537208199501,-0.14570973334100573,168.83853070621217,REJECTED_OUTLIER,7.750473702163674,36.64316344488395,30.9558879389067,109.38239463148456,-0.8008146639511847,2.2606629938718195,-6.087889760544466,-8.348552754416284
298.5,11.427505091649692,253.087983706721,-0.014218568244353413,-0.042641665370648264,-0.10176553577184677,-0.05912387040119851,27.58686530420084,REJECTED_OUTLIER,7.7232620786611506,37.146824702973305,31.109014686742114,109.20113590648172,-0.8146639511201872,-2.443187457147301,-5.830735699614425,-3.387548242467124
298.6,11.452963340122205,253.00651731160895,-0.014218568244353413,-0.019844422358757968,-0.09660940617322922,-0.07676498381447125,46.154352853370135,REJECTED_OUTLIER,7.8330836855968755,37.60999092711904,31.12955569528853,109.05920236965754,-0.8146639511201872,-1.1370016480318776,-5.5353112349911555,-4.398309586959278
298.7,11.478421588594701,252.92505091649696,-0.014218568244354302,0.0729363282540686,-0.08945535868406296,-0.16239168693813155,205.00545573695914,REJECTED_OUTLIER,8.339143299017167,37.98162874094703,30.64259937046873,108.99811162098078,-0.814663951120238,4.17894378213891,-5.1254145074257655,-9.304358289564677
298.8,11.503879837067213,252.8435845213849,-0.014209622574151481,-0.18008413392794703,-0.08935978263616562,0.09072435129178141,63.517764871671844,REJECTED_OUTLIER,7.705037033590145,38.512605979352,31.53727565651505,108.87311807236861,-0.8141514019727005,-10.318060831340041,-5.119938403258708,5.198122428081334
298.9,11.52933808553971,252.76211812627292,-0.013306109883741257,-0.04074613482463425,-0.10138996690511703,-0.06064383208048278,28.176299840676673,REJECTED_OUTLIER,7.853955352837829,38.98922636094403,31.634273806748354,108.78840195789714,-0.7623839380756845,-2.3345815569225694,-5.8092171886343,-3.4746356317117297
299.0,11.554796334012222,252.68065173116088,-0.011516975843326449,0.04523709232833825,-0.09978986531496048,-0.14502695764329873,160.00497293190364,REJECTED_OUTLIER,8.304967106001925,39.402798324391426,31.279852669164455,108.72396883227627,-0.6598741085767276,2.5918944678574163,-5.717538120726157,-8.309432588583574
299.1,11.580191339375636,252.59969788519635,-0.009727841802911641,-0.019897630146151847,-0.09639250487089157,-0.07649487472473973,44.20404332307021,REJECTED_OUTLIER,8.39223887472724,39.85120500556641,31.29930084688951,108.59431310356022,-0.5573642790777706,-1.1400502296867763,-5.522883705796318,-4.382833476109542
299.2,11.59932527693857,252.56948640483384,-0.007938707762496833,0.048137006397404716,-0.09550342708826065,-0.14364043348566535,154.77970936958087,REJECTED_OUTLIER,8.71625814236117,40.30965365309413,31.002316633885073,108.55654998857148,-0.45485444957881366,2.758047304965534,-5.471943301192716,-8.22999060615825
299.3,11.618459214501515,252.5392749244713,-0.0061585193922839565,-0.02043884877438561,-0.09469982236623764,-0.07426097359185203,41.08665395331217,REJECTED_OUTLIER,8.703464614430715,40.81115602257026,31.08695640406657,108.44087971525043,-0.35285716922734334,-1.1710597728784309,-5.425900142224013,-4.254840369345583
299.4,11.637593152064449,252.50906344410876,-0.005272898042278484,-0.0953348217184567,-0.09032078832387924,0.005014033394577455,0.1860286559382955,ACCEPTED_FULL,8.397008646467015,41.344385678598684,31.421931331630475,108.35436650088033,-0.3021148036253515,-5.462282925099707,-5.174999973252765,0.2872829518469416
299.5,11.656727089627394,252.47885196374622,-0.0052728980422793725,0.003506653980897695,-0.08965831249952316,-0.09316496648042086,68.36695140413052,REJECTED_OUTLIER,8.590421239296376,41.79661255478365,31.35106288281395,108.30762259639583,-0.3021148036254024,0.2009164733181867,-5.137042904487712,-5.337959377805899
299.6,11.675861027190338,252.44864048338368,-0.0052728980422793725,0.025338706819624662,-0.08725140243768692,-0.11259010925731158,99.11057814145764,REJECTED_OUTLIER,8.822536758978316,42.22583624772929,31.171591560631327,108.30189226901093,-0.3021148036254024,1.45180095908385,-4.999137116276923,-6.4509380753607735
299.7,11.694994964753272,252.41842900302115,-0.005272898042278484,-0.046614796837530406,-0.07657412439584732,-0.029959327558316914,6.966548194069624,ACCEPTED_INFLATED,8.718039901343303,42.65223248234091,31.524974330776672,108.26353746111958,-0.3021148036253515,-2.670831121650269,-4.387374147791806,-1.7165430261415369
299.8,11.714128902316219,252.3882175226586,-0.005120880962041774,0.08204570344270123,-0.0809837207198143,-0.16302942416251553,206.6422420404363,REJECTED_OUTLIER,9.142890652507987,43.00967011967302,31.048526630614077,108.35178783251197,-0.29340486651388636,4.700872534448749,-4.6400254065115165,-9.340897940960266
299.9,11.733262839879153,252.3580060422961,-0.003068650378861726,0.017120624776327253,-0.09337485581636429,-0.11049548059269154,94.24887044852017,REJECTED_OUTLIER,9.194104564707118,43.48021531020271,30.94213803091108,108.4241968884613,-0.17582071550999798,0.9809395423106607,-5.3499851509202605,-6.330924693230921
300.0,11.752396777442097,252.32779456193353,0.000731776627028502,-0.11590372601243604,-0.0967390313744545,0.01916469463798154,2.8153836838232587,ACCEPTED_FULL,8.759906535240162,44.053921060238594,31.009801156051736,108.46019515872605,0.041927712275052126,-6.6407943303532395,-5.5427382119398985,1.0980561184133413
300.1,11.77007866273353,252.30629301868245,0.00453220363291873,0.04125484404696402,-0.10653937608003616,-0.1477942201270002,175.7359648535846,REJECTED_OUTLIER,9.059024954288162,44.55975795977196,30.744475915921896,108.48188218554981,0.25967614006010226,2.3637284483614476,-6.104256601343109,-8.467985049704557
300.2,11.771061946902654,252.3849557522124,0.00833263063880807,0.026119167842194806,-0.10184130817651749,-0.1279604760187123,130.73758179188394,REJECTED_OUTLIER,9.12618440439357,45.166106439445116,30.67805642144117,108.56087671128273,0.47742456784510146,1.4965180817515837,-5.835077138605614,-7.331595220357198
300.3,11.772045231071779,252.46361848574242,0.011981040564462475,-0.10455164292353082,-0.10050622373819351,0.0040454191853373095,0.12969103026064804,ACCEPTED_FULL,8.639026832016214,45.86727749092401,31.218431652156966,108.60649679205704,0.6864630585187373,-5.990367880677136,-5.758582434996056,0.2317854456810796
300.4,11.773028515240904,252.54228121927238,0.013729236987171767,-0.07441534756856386,-0.09771827608346939,-0.023302928514905535,4.461392549217171,ACCEPTED_INFLATED,8.385494395601569,46.51819027077161,31.945154306006884,108.59946756234658,0.7866273352998482,-4.263685346677821,-5.598844800876968,-1.3351594541991465
300.5,11.77401179941003,252.62094395280238,0.013729236987172655,-0.07737263309225308,-0.08439470082521439,-0.00702206773296131,0.4092711922719764,ACCEPTED_FULL,8.146747055400596,47.100438120557016,32.55373350538707,108.57806187459794,0.786627335299899,-4.433125326000349,-4.83546017055403,-0.402334844553681
300.6,11.774995083579155,252.69960668633237,0.013729236987172655,-0.10855995993699386,-0.07554731518030167,0.03301264475669219,9.23763815144156,ACCEPTED_INFLATED,7.8050910445902275,47.6598552312843,33.13276272029174,108.60298945919287,0.786627335299899,-6.22002752849905,-4.328542313375902,1.891485215123149
300.7,11.775978367748278,252.77826941986234,0.013729236987172655,0.1324078681612833,-0.06871084123849869,-0.201118709399782,340.8305588424516,REJECTED_OUTLIER,8.497120390227849,48.00390544992257,32.462543553513996,108.78283880116011,0.786627335299899,7.586412019966161,-3.936841209759425,-11.523253229725587
300.8,11.776961651917404,252.85693215339236,0.013729236987172655,0.0826006444066811,-0.05318994075059891,-0.13579058515728,154.11143827267279,REJECTED_OUTLIER,8.717557926250464,48.34044195587154,32.11572137548035,109.0503060975831,0.786627335299899,4.732668309563717,-3.0475591175602275,-7.780227427123945
300.9,11.777944936086529,252.9355948869223,0.010249636233736759,-0.09480864269408223,-0.059173472225666046,0.03563517046841619,10.528592106990317,ACCEPTED_INFLATED,8.187722137658767,48.83251000059215,32.663745234903985,109.21913219916058,0.5872608977374808,-5.432135087734739,-3.3903902176652623,2.0417448700694765
301.0,11.778928220255654,253.01425762045233,0.00294629838861038,-0.030915034466001086,-0.06205882877111435,-0.031143794305113263,7.997896601186601,ACCEPTED_INFLATED,8.056582626564136,49.26943805997618,32.97575491434077,109.30865865238368,0.16881046285357007,-1.771300998403339,-3.5557089701098974,-1.7844079717065584
301.1,11.779911504424778,253.09292035398232,-0.004701175794766144,0.04128265978665603,-0.046242646872997284,-0.08752530665965332,62.92385482531183,REJECTED_OUTLIER,8.229550597490402,49.57818571664441,32.822712202786306,109.48892042736657,-0.2693575317891605,2.365322172849834,-2.6495084993365783,-5.014830672186412
301.2,11.786389167502508,252.97221664994984,-0.012348649978141779,0.06079999102622206,-0.031977392733097076,-0.09277738375931913,70.14959118289396,REJECTED_OUTLIER,8.600018466549699,49.614600429691876,32.383568822939935,109.67998144926653,-0.7075255264318402,3.4835828802358026,-1.832169643438771,-5.315752523674574
301.3,11.793410230692078,252.83179538615843,-0.01999612416152008,-0.049984290299281066,-0.027208887040615082,0.022775403258665984,4.194829054379418,ACCEPTED_INFLATED,8.497422683605862,49.69454129369976,32.16694314174495,109.88014065524258,-1.1456935210746726,-2.8638888761055075,-1.5589543926754448,1.304934483430063
301.4,11.800431293881644,252.6913741223671,-0.024163997591459818,-0.11313729428245406,-0.033835507929325104,0.07930178635312896,51.89727852284532,REJECTED_OUTLIER,8.23643161365527,49.83769066274408,32.611593880292304,109.98920222647236,-1.3844950781549341,-6.482289467914197,-1.9386318020317597,4.543657665882438
301.5,11.807452357071215,252.5509528585757,-0.024508133929709963,-0.00174375126816749,-0.030681736767292023,-0.028937985499124533,6.8565815480436765,ACCEPTED_INFLATED,8.525762097312082,49.861210438086744,32.54023378197124,110.10733564585654,-1.4042126379137538,-0.09990958818658219,-1.7579340248971949,-1.6580244367106127
301.6,11.814473420260784,252.4105315947843,-0.024508133929709963,0.07676373840922752,-0.012984372675418854,-0.08974811108464638,65.81837482252669,REJECTED_OUTLIER,9.044369705915074,49.74865466040143,31.976082468864348,110.34239117822973,-1.4042126379137538,4.398238230495029,-0.7439497539264894,-5.142187984421518
301.7,11.821494483450351,252.27011033099296,-0.024508133929709963,0.008105025163952721,-0.02005932480096817,-0.02816434996492089,6.4320531703295645,ACCEPTED_INFLATED,9.195471240872564,49.73349582431874,31.914337372156695,110.50931238675547,-1.4042126379137538,0.46438373474181904,-1.1493146509775762,-1.6136983857193952
301.8,11.82851554663992,252.12968906720155,-0.024508133929709075,-0.07476144558878198,-0.019831903278827667,0.05492954230995431,24.45460213156194,REJECTED_OUTLIER,9.039165791682564,49.78020483104751,32.178696647250774,110.6194036366395,-1.404212637913703,-4.283515302534153,-1.1362843575884845,3.147230944945669
301.9,11.835536609829488,251.98926780341023,-0.027816112086164857,-0.02265332950717116,-0.029272817075252533,-0.006619487568081374,0.35242191027589315,ACCEPTED_FULL,9.179284622548693,49.817954928882955,32.282122971028,110.75370118265697,-1.593745825000086,-1.2979401726800806,-1.6772088728704604,-0.3792687001903799
302.0,11.842557673019057,251.84884653961885,-0.034643215940978855,0.04097907637377455,-0.0071007683873176575,-0.04807984476109221,19.178373186736376,REJECTED_OUTLIER,9.598920904393054,49.69554854978017,31.908273815855523,110.90524848699,-1.9849100621784233,2.3479281245615478,-0.40684405989321765,-2.7547721844547652
302.1,11.849578736208628,251.70842527582744,-0.04168146733769351,-0.002808286711630692,0.0047379061579704285,0.0075461928696011205,0.4686835063699312,ACCEPTED_FULL,9.806640950685562,49.55775270647641,31.644417829945894,110.9922557110558,-2.38817216236223,-0.16090297623911112,0.27146202658074864,0.4323650028198598
302.2,11.845271629778672,251.37847082494972,-0.04871971873440817,-0.04121653041099209,-0.009144611656665802,0.03207191875432629,8.667422523829053,GYRO_FALLBACK,10.010317803195392,49.64060357109733,31.547294089102394,111.04738792387457,-2.7914342625460367,-2.3615332387224552,-0.5239476532130862,1.8375855855093688
302.3,11.840241448692153,251.03641851106636,-0.05575797013112549,-0.06345218973122344,-0.03535015136003494,0.028102038371188492,6.600039259836888,ACCEPTED_INFLATED,10.13680009839237,49.51868810634076,31.465914800509694,111.16012349918418,-3.194696362729996,-3.6355426724624444,-2.025414478078649,1.610128194383795
302.4,11.835211267605635,250.69436619718317,-0.05948824337138525,0.07295182692693124,-0.03758180886507034,-0.11053363579200158,101.79070418956202,REJECTED_OUTLIER,10.963834125166443,49.35168204788286,30.7077820510205,111.2206839685988,-3.4084252758274705,4.179831790681994,-2.1532790344358728,-6.333110825117867
302.5,11.830181086519115,250.35231388329981,-0.05969939091328591,0.0646536399438683,-0.02946590632200241,-0.09411954626587071,73.20832091836279,REJECTED_OUTLIER,11.721232003743978,49.14930370371661,30.000005080486716,111.26514320603326,-3.42052313883294,3.7043806989420904,-1.6882720717785886,-5.392652770720679
302.6,11.825150905432595,250.01026156941646,-0.05969939091328502,-0.022732190518710876,-0.04381004720926285,-0.021077856690551972,3.6422190786895645,ACCEPTED_FULL,12.011243133439109,49.06433134328921,30.190607974867135,111.23777282995894,-3.420523138832889,-1.302458575809439,-2.5101308053596516,-1.207672229550213
302.7,11.820120724346078,249.66820925553327,-0.05969939091328502,0.0208332145323225,-0.04762289673089981,-0.06845611126322232,39.379372836044425,REJECTED_OUTLIER,12.567183912058454,48.97812807385034,29.729726133593374,111.28414601817653,-3.420523138832889,1.1936552663926925,-2.7285909908679247,-3.9222462572606176
302.8,11.815090543259558,249.3261569416499,-0.05969939091328502,0.11714403621303363,-0.05606778711080551,-0.17321182332383914,250.05244461585883,REJECTED_OUTLIER,13.630424585833055,48.89174749954273,28.719144853996795,111.31386588183238,-3.420523138832889,6.711858870134506,-3.2124475680871516,-9.924306438221658
302.9,11.81006036217304,248.98410462776675,-0.05649707006099636,0.12449222275497641,-0.06585764139890671,-0.1903498641538831,299.5352278379878,REJECTED_OUTLIER,14.661693920676868,48.86621706345764,27.678199511992375,111.39394604272213,-3.2370436693500118,7.132878946062658,-3.773364900843401,-10.90624384690606
303.0,11.80503018108652,248.64205231388337,-0.05009242835641903,-0.02230075131022542,-0.08459966629743576,-0.06229891498721034,31.828412542467245,REJECTED_OUTLIER,14.899243989359888,49.010720465275114,27.472113972323683,111.48592701793744,-2.8700847303842574,-1.2777389300467574,-4.8472038270582205,-3.5694648970114633
303.1,11.8,248.3,-0.043687786651842586,0.06265638862530379,-0.09685172885656357,-0.15950811748186736,207.0014472203724,REJECTED_OUTLIER,15.576549884720635,49.179371907242,26.785498396191315,111.61660294522005,-2.5031257914185536,3.589946627761405,-5.549195302026499,-9.139141929787904
303.2,11.788107036669974,248.14142715559967,-0.037283144947266145,0.2100079435740329,-0.08522685617208481,-0.2952347997461177,703.6361251489268,REJECTED_OUTLIER,16.651064292380738,49.41544067285497,25.488892519350884,111.82766547489376,-2.1361668524528503,12.032568831013624,-4.883139159828951,-16.915707990842574
303.3,11.776214073339942,247.98285431119922,-0.03087850324268704,0.0959340221282767,-0.08456379920244217,-0.18049782133071887,260.98677445107603,REJECTED_OUTLIER,17.026779437933442,49.714987426086566,24.852361343279256,112.0834801135078,-1.769207913486994,5.496614579664903,-4.845148793891694,-10.341763373556596
303.4,11.764321110009915,247.82428146679888,-0.027676182390397486,-0.11581487343021853,-0.10110432654619217,0.014710546884026357,1.7204962567903133,ACCEPTED_FULL,16.541857048171778,50.18139433825715,25.02057501793925,112.23884324643859,-1.585728444004066,-6.6357034523933365,-5.792851201609302,0.8428522507840344
303.5,11.752428146679883,247.66570862239843,-0.027676182390397486,-0.11242207948537888,-0.10824499279260635,0.00417708669277253,0.1436555565774506,ACCEPTED_FULL,16.255190225672152,50.664306870174585,25.384959045359295,112.31502276481504,-1.585728444004066,-6.4413106785964835,-6.201981240440359,0.23932943815612515
303.6,11.740535183349849,247.50713577799797,-0.027676182390397486,-8.734545740091137e-05,-0.1054137572646141,-0.1053264118072132,93.50645511969877,REJECTED_OUTLIER,16.514286760983452,51.07148457358318,25.216942381206422,112.39184590212325,-1.585728444004066,-0.005004526068711943,-6.03976339387891,-6.034758867810198
303.7,11.728642220019823,247.34856293359763,-0.027676182390397486,0.05746132801428709,-0.09006146341562271,-0.14752279142990982,181.9409499538818,REJECTED_OUTLIER,17.02058030844779,51.37671384005819,24.736557583808946,112.47733690135566,-1.585728444004066,3.2922915804354935,-5.160141750487049,-8.452433330922544
303.8,11.71674925668979,247.18999008919718,-0.027676182390397486,0.03133367991213373,-0.08507203310728073,-0.11640571301941446,112.36551753573931,REJECTED_OUTLIER,17.37943635831124,51.682911896295025,24.399123412290606,112.58480155059048,-1.585728444004066,1.795287615579111,-4.874268451644396,-6.669556067223508
303.9,11.704856293359763,247.03141724479684,-0.025631754156845155,-0.07874083946024266,-0.08062190562486649,-0.0018810661646238291,0.029107518769044067,ACCEPTED_FULL,17.229538077669076,52.029857304901356,24.702506293436272,112.68850175546925,-1.4685913347041313,-4.511517776389075,-4.619294928606882,-0.10777715221780633
304.0,11.69296333002973,246.8728444003964,-0.02134070149081868,-0.011605778983979902,-0.07433930784463882,-0.06273352886065892,33.15057603041496,REJECTED_OUTLIER,17.433990458665562,52.29464305223357,24.595526642384897,112.78859082361116,-1.2227321272724543,-0.6649621537436771,-4.2593285914215775,-3.5943664376778997
304.1,11.681070366699698,246.71427155599596,-0.016847452625871284,-0.04286601315389735,-0.07212192565202713,-0.029255912498129782,7.150969185319234,ACCEPTED_INFLATED,17.46943538927323,52.56779201438164,24.75298194451065,112.87340498721409,-0.9652879310090209,-2.456041638270589,-4.132281950217463,-1.6762403119468734
304.2,11.674567164179104,246.6728358208955,-0.012354203760922111,-0.117266168316314,-0.06063082069158554,0.056635347624728466,26.696254713239146,REJECTED_OUTLIER,17.13802021381241,52.93764001717233,25.33252186536714,112.96426691110993,-0.7078437347454857,-6.718856524195528,-3.4738901340423145,3.2449663901532126
304.3,11.668597014925371,246.64298507462684,-0.00786095489597205,-0.10579208698789797,-0.04899854212999344,0.05679354485790453,26.630672567171416,REJECTED_OUTLIER,16.9830868122977,53.231753489326024,25.83008467231079,113.03867979882017,-0.45039953848189956,-6.0614400902874275,-2.807409666342579,3.254030423944848
304.4,11.662626865671642,246.6131343283582,-0.005412134264576096,-0.00497534197185974,-0.038766391575336456,-0.03379104960347672,9.353016592374638,ACCEPTED_INFLATED,17.29102219447182,53.40716866747647,25.83908361192806,113.16176148068355,-0.31009245151834997,-0.2850660966218599,-2.2211506242182897,-1.9360845275964298
304.5,11.656656716417908,246.58328358208954,-0.005209938065654285,-0.08130607217576075,-0.034778378903865814,0.04652769327189493,17.653426440616155,REJECTED_OUTLIER,17.17991109715703,53.60974938746071,26.216987045032994,113.24589161401853,-0.29850746268654255,-4.658494784457146,-1.9926543294983294,2.6658404549588157
304.6,11.650686567164176,246.55343283582087,-0.005209938065653397,0.0361777037277364,-0.02908339351415634,-0.06526109724189275,34.462495813202246,REJECTED_OUTLIER,17.569435530085315,53.714725477575826,25.958888081033763,113.42935165535866,-0.29850746268649164,2.072829736074001,-1.6663557022793103,-3.739185438353312
304.7,11.644716417910447,246.52358208955224,-0.005209938065653397,0.07911784906784537,-0.015741951763629913,-0.09485980083147529,72.25751075256863,REJECTED_OUTLIER,17.99788023682345,53.737960536638525,25.496246851759963,113.67105610119009,-0.29850746268649164,4.533118835740594,-0.9019473973545169,-5.435066233095111
304.8,11.638746268656714,246.49373134328357,-0.005209938065654285,-0.015685944625542556,-0.016410119831562042,-0.0007241752060194867,0.004179549954080664,ACCEPTED_FULL,17.947002745471934,53.83153817496054,25.577654845822167,113.88760697210412,-0.29850746268654255,-0.8987384247195049,-0.9402306076524384,-0.041492182932933476
304.9,11.632776119402985,246.46388059701493,-0.004156037516442446,0.0021390941732494437,-0.020880378782749176,-0.02301947295599862,4.369776222655896,ACCEPTED_INFLATED,18.004354393363684,53.930235289604525,25.80827862921265,114.08682820341885,-0.23812340919018463,0.12256106810821925,-1.196357578886039,-1.3189186469942582
305.0,11.62680597014925,246.43402985074627,-0.00187667121233126,0.016129404286180427,-0.00955953449010849,-0.025688938776288917,5.503270615426174,ACCEPTED_INFLATED,18.125236876306445,53.96263806584005,25.825470185984585,114.3323806831504,-0.10752534000028077,0.9241467916583587,-0.5477209803929619,-1.4718677720513207
305.1,11.620835820895518,246.4041791044776,0.0005742602974647681,0.02205225747520237,-0.015151716768741608,-0.03720397424394398,11.540488178905674,ACCEPTED_INFLATED,18.247717453925617,54.01873046174893,25.733652581508608,114.60782674911886,0.032902691386658425,1.2635012820649165,-0.8681294232264913,-2.131630705291408
305.2,11.600908173562056,246.43471241170536,0.003025191807259908,0.007464096789674857,-0.023072145879268646,-0.030536242668943503,7.728310811598777,ACCEPTED_INFLATED,18.241825392378615,54.181677790462714,25.809314214888417,114.83159378092354,0.17333072277354675,0.4276612439255162,-1.3219365831922472,-1.7495978271177635
305.3,11.5787083753784,246.4750756811302,0.005476123317057713,-0.0865240044729709,-0.024029098451137543,0.06249490602183336,32.24467981380626,REJECTED_OUTLIER,17.88106437276093,54.41857191553845,26.317104104736984,115.03622907255892,0.31375875416058774,-4.957460282872289,-1.3767659267545247,3.580694356117765
305.4,11.556508577194755,246.515438950555,0.006873154277641902,-0.05656751107603521,-0.025754638016223907,0.0308128730598113,7.77717268023411,ACCEPTED_INFLATED,17.73953730026153,54.629324556420414,26.562697478581526,115.21434453563242,0.393802732051169,-3.2410796422163552,-1.475632061216813,1.7654475809995425
305.5,11.534308779011099,246.55580221997982,0.007044719483326745,0.010487355581152734,-0.017944268882274628,-0.02843162446342736,6.599999159531302,ACCEPTED_INFLATED,17.88041596982734,54.75358445723754,26.631212755302926,115.41723453224314,0.40363269424820436,0.6008812130530203,-1.0281308734022712,-1.6290120864552917
305.6,11.51210898082744,246.59616548940465,0.007044719483327633,-0.020199535654800316,-0.019102133810520172,0.0010974018442801436,0.00981923143114068,ACCEPTED_FULL,17.84935052158943,54.90977559421489,26.751559250655873,115.64567083550007,0.40363269424825526,-1.1573481411440838,-1.0944716470369589,0.06287649410712501
305.7,11.489909182643796,246.63652875882946,0.007044719483328521,-0.04908762530341511,-0.030023641884326935,0.019063983419088174,3.0430457377789843,ACCEPTED_FULL,17.702730822426872,55.138675560582016,26.726599595887876,115.90379950685548,0.40363269424830617,-2.8125137562052727,-1.7202279655841395,1.0922857906211332
305.8,11.46770938446014,246.67689202825431,0.007044719483327633,-0.0523753030488942,-0.040593408048152924,0.011781895000741276,1.183963463238636,ACCEPTED_FULL,17.548557818929396,55.420841201881245,26.864489187855867,116.12755467156073,0.40363269424825526,-3.0008838154203104,-2.325830957211551,0.675052858208759
305.9,11.445509586276495,246.71725529767912,0.006540288507102865,-0.10620080334575743,-0.04192767292261124,0.0642731304231462,35.70825231846405,REJECTED_OUTLIER,17.160970808966226,55.750528483493326,27.48004754770659,116.32096263146627,0.3747309282549121,-6.084857812610734,-2.4022787032705653,3.682579109340168
306.0,11.423309788092839,246.75761856710395,0.005504877555904564,-0.01641490291777914,-0.04735133796930313,-0.03093643505152399,8.203309480764071,ACCEPTED_INFLATED,17.20645293552937,56.03455752467798,27.651355616275225,116.52368932639581,0.3154062506896234,-0.9405046583057253,-2.7130318199386356,-1.7725271616329101
306.1,11.401109989909182,246.79798183652878,0.004442917605956609,-0.09423956406116415,-0.039473436772823334,0.05476612728834082,25.557339225861572,REJECTED_OUTLIER,16.828428807931857,56.347090986395614,28.21775728620804,116.72751461324748,0.2545604275456814,-5.399529283857459,-2.2616613299592814,3.137867953898177
306.2,11.345228628230632,246.80944333996024,0.0033809576560095422,-0.04320745921792005,-0.02516273409128189,0.018044725126638156,2.7516020045749543,ACCEPTED_FULL,16.735442846482783,56.51856274858258,28.195199025404293,117.00269350712588,0.19371460440179036,-2.4756050566704433,-1.441718464440407,1.0338865922300362
306.3,11.287574552683898,246.81938369781312,0.0023189977060624756,0.16728869096684293,-0.023459337651729584,-0.1907480286185725,312.37302564631386,REJECTED_OUTLIER,17.644547598646284,56.53011288004552,27.26025391900754,117.34048841812019,0.13286878125789928,9.584935952668399,-1.3441210376164487,-10.929056990284847
306.4,11.229920477137195,246.829324055666,0.001761468732341065,0.05486934662655287,-0.016383491456508636,-0.07125283808306151,43.22356253934751,REJECTED_OUTLIER,17.89769715284376,56.60025825748292,26.965670075781873,117.64171359903924,0.10092472410740227,3.143781986341861,-0.9387049141465869,-4.082486900488448
306.5,11.172266401590461,246.8392644135189,0.0017349197335931876,-0.18096115447114863,-0.033563561737537384,0.14739759273361125,183.4427635377029,REJECTED_OUTLIER,17.02902426200984,56.922983303121754,27.99763410194541,117.95965291059599,0.0994035785288508,-10.368310407011764,-1.923050432987668,8.445259974024095
306.6,11.114612326043726,246.84920477137177,0.0017349197335931876,-0.22490478084156557,-0.029854469001293182,0.19505031184027238,318.61173889312045,REJECTED_OUTLIER,16.199056528822496,57.22562875759067,29.235271529465678,118.24156079811148,0.0994035785288508,-12.886094734536442,-1.7105350733782452,11.175559661158196
306.7,11.056958250497026,246.85914512922466,0.0017349197335931876,-0.1900472565509103,-0.033705733716487885,0.1563415228344224,203.0562133737426,REJECTED_OUTLIER,15.77935793365458,57.49063300389699,30.23410546250159,118.48009564586307,0.0994035785288508,-10.888905708407146,-1.9311962873465547,8.957709421060592
306.8,10.999304174950291,246.86908548707754,0.0017349197335931876,0.12670202819904805,-0.01597438007593155,-0.1426764082749796,167.77346569149702,REJECTED_OUTLIER,16.683123179090558,57.465233153853234,29.507356480839576,118.89789008216289,0.0994035785288508,7.259491471552996,-0.9152645586887493,-8.174756030241745
306.9,10.94165009940359,246.87902584493042,0.0029674253007625495,0.08595361940072549,-0.020452655851840973,-0.10640627525256646,92.58922626121681,REJECTED_OUTLIER,17.092697554222127,57.5184858900505,29.051368540195426,119.34271549189941,0.17002094575403304,4.924779625535363,-1.1718508601440334,-6.0966304856793965
307.0,10.883996023856856,246.8889662027833,0.005584768583854149,-0.0873397208765619,-0.017001859843730927,0.07033786103283098,40.14721754277068,REJECTED_OUTLIER,16.720996130770743,57.67611177163485,29.54698436481604,119.72035857490185,0.3199836694120963,-5.0041973900776435,-0.9741348129187355,4.030062577158908
307.1,10.826341948310121,246.8989065606362,0.00835444401569685,-0.14994275546109137,0.0026556774973869324,0.1525984329584783,187.53028943995983,REJECTED_OUTLIER,16.32467429918387,57.751911447066675,30.34063163823143,120.09367658115805,0.4786743822777567,-8.591087056482712,0.15215911234813592,8.743246168830847
307.2,10.82529761904762,246.9794642857143,0.011124119447539549,-0.15149169797319206,-0.022514216601848602,0.12897748137134346,132.9765613618174,REJECTED_OUTLIER,16.059337138147043,58.00228779268403,31.160919758687953,120.31881759057295,0.6373650951434171,-8.679834925134474,-1.2899695903292951,7.389865334805178
307.3,10.83125,247.06875000000002,0.013893794879383137,-0.09255705672279062,-0.01601438969373703,0.07654266702905359,46.491295017859805,REJECTED_OUTLIER,16.036157202148843,58.186823059686304,31.671989624723437,120.56455574788424,0.7960558080091285,-5.3031287143688655,-0.9175569409289348,4.38557177343993
307.4,10.83720238095238,247.1580357142857,0.015430964744055586,-0.037664874237999836,-0.008909054100513458,0.028755820137486378,6.514213996862414,GYRO_FALLBACK,16.144522512216952,58.29065950192924,31.909406452312254,120.87744915109663,0.8841291536495557,-2.1580383297284134,-0.5104511994131411,1.647587130315272
307.5,10.843154761904762,247.24732142857144,0.015583296892805798,-0.06795784834527793,-0.007991783320903778,0.059966065024374154,28.125315440511084,GYRO_FALLBACK,16.068009980902303,58.57141846828961,32.330496671707834,121.2394010975837,0.8928571428571018,-3.893697894974531,-0.4578954550708317,3.435802439903699
307.6,10.849107142857145,247.33660714285716,0.015583296892805798,-0.08082560406686977,-0.002833850681781769,0.077991753385088,47.23993089895197,REJECTED_OUTLIER,15.947550041379685,58.65301062800103,32.81935672779073,121.60961971197158,0.8928571428571018,-4.63096598962706,-0.16236768383636624,4.468598305790694
307.7,10.855059523809523,247.42589285714286,0.015583296892805798,0.019002397149510436,0.003587372601032257,-0.015415024548478179,1.8326512098558558,ACCEPTED_FULL,16.18076659754354,58.72394730090522,33.16396240692964,122.0564775292258,0.8928571428571018,1.088757157298374,0.20554130958001685,-0.8832158477183571
307.8,10.861011904761906,247.51517857142858,0.015583296892805798,0.07321320788762083,0.0037366822361946106,-0.06947652565142622,38.98771702092453,REJECTED_OUTLIER,16.432402425650878,58.81146015816819,32.89295311954854,122.68490741419951,0.8928571428571018,4.194807816574582,0.21409612151545782,-3.980711695059125
307.9,10.866964285714284,247.60446428571427,0.015729134201177608,0.02064835095852685,0.0024362578988075256,-0.018212093059719325,2.659160228007109,ACCEPTED_FULL,16.36419044113282,58.90211949727933,33.285163024749295,123.18110419248029,0.9012130051223545,1.1830633638284964,0.1395872954070812,-1.0434760684214153
308.0,10.872916666666667,247.69375,0.01605501756926664,0.06344795235493457,-0.00421915203332901,-0.06766710438826358,37.911579069289544,REJECTED_OUTLIER,16.41454059334555,59.02508791307747,33.08703511517919,123.81368332975165,0.9198847467273642,3.6352998886848833,-0.2417396046337919,-3.877039493318675
308.1,10.878869047619048,247.78303571428572,0.016415109688701968,0.03980330450421776,-0.0119328573346138,-0.05173616183883156,21.989803060243926,REJECTED_OUTLIER,16.35236717234929,59.18608229897049,33.00627002644998,124.36903229082088,0.9405165054069293,2.2805613587657376,-0.6837023628050996,-2.9642637215708367
308.2,10.902589641434254,247.88067729083662,0.016775201808138185,-0.03386547147918446,-0.03134194761514664,0.00252352386403782,0.05191536882388072,ACCEPTED_FULL,16.095081754753153,59.46459276432893,33.245086168477485,124.72871191976539,0.9611482640865453,-1.9403485869779304,-1.795761320068018,0.14458726690991247
308.3,10.9304780876494,247.98027888446217,0.017135293927574402,0.027212024178070268,-0.04425891488790512,-0.07147093906597539,42.76614305996282,REJECTED_OUTLIER,16.21776990325793,59.78291677927476,33.17959509004663,125.03181797247692,0.9817800227661614,1.5591341374113794,-2.5358490289056883,-4.094983166317068
308.4,10.958366533864531,248.07988047808763,0.01734954873863792,-0.0007678504190121727,-0.04926956444978714,-0.04850171403077497,19.536565960724417,REJECTED_OUTLIER,16.21739925278908,60.14116938632975,33.27358509537086,125.32810533520848,0.9940559191804739,-0.04399458830674932,-2.822938101420603,-2.778943513113854
308.5,10.986254980079678,248.17948207171315,0.01738375748998422,-0.022323749361746574,-0.05376843363046646,-0.03144468426871989,8.14605078642764,ACCEPTED_INFLATED,16.107594076112775,60.536416298626904,33.56975154691867,125.64015018966374,0.9960159362550293,-1.279056621335944,-3.0807043180550067,-1.8016476967190629
308.6,11.014143426294824,248.27908366533867,0.01738375748998422,-0.016065793491361613,-0.06720206886529922,-0.05113627537393761,21.456943462158417,REJECTED_OUTLIER,16.046172371761912,61.000536122820904,33.75458088614039,125.92830006286736,0.9960159362550293,-0.9205021615837681,-3.8503949205291588,-2.9298927589453907
308.7,11.042031872509956,248.37868525896414,0.01738375748998333,-0.24817931443555763,-0.08102228492498398,0.16715702951057365,227.46765722181374,REJECTED_OUTLIER,14.718727498112287,61.65630327429645,35.28192694867499,126.33517035425616,0.9960159362549783,-14.21962727960764,-4.642234972708016,9.577392306899624
308.8,11.069920318725103,248.47828685258966,0.017383757489982443,-0.07690804640853788,-0.08225814253091812,-0.0053500961223802435,0.23120295514790767,ACCEPTED_FULL,14.397645218908025,62.22600294681817,35.93428563744675,126.72667068567398,0.9960159362549275,-4.406506469805489,-4.7130443976071845,-0.30653792780169514
308.9,11.097808764940233,248.57788844621513,0.0164574485080502,-0.12596416232551466,-0.08031148463487625,0.04565267769063841,17.339014715810375,REJECTED_OUTLIER,13.849313291535339,62.80438260700299,36.74774266448773,127.1146920185932,0.9429423410651498,-7.217214871152799,-4.6015091160081685,2.6157057551446306
309.0,11.12569721115538,248.67749003984065,0.014328140848284043,0.05086326148114565,-0.08004266768693924,-0.13090592916808488,141.42098401419162,REJECTED_OUTLIER,14.22694771927766,63.29470634336309,36.551124188426684,127.47647989519892,0.8209419988756709,2.9142502151399743,-4.586107039429789,-7.500357254569764
309.1,11.153585657370527,248.77709163346617,0.011922143492615334,0.06012981372738228,-0.0676097646355629,-0.12773957836294517,133.5943144418755,REJECTED_OUTLIER,14.57736836754566,63.72190147480845,36.30787315747105,127.83238343934941,0.6830885048762173,3.4451845494868056,-3.873754167490602,-7.318938716977407
309.2,11.179683026584867,248.82361963190186,0.009516146136946624,-0.08897581342756614,-0.07618168741464615,0.012794126012919987,1.3296603719267814,ACCEPTED_FULL,14.197224295784906,64.21550645774519,36.59275614300901,128.13957475772582,0.5452350108767638,-5.097938588142979,-4.364889165044124,0.7330494230988547
309.3,11.20524539877301,248.85429447852763,0.007110148781277914,-0.0764938223538787,-0.0719555988907814,0.004538223463097291,0.17199547976930238,ACCEPTED_FULL,13.928643412946286,64.6640575534031,36.97319000550149,128.4920432383387,0.40738151687731033,-4.382773179700721,-4.122752128778002,0.26002105092271927
309.4,11.23080777096114,248.88496932515338,0.005630460407540561,-0.002352145579129293,-0.0747949555516243,-0.072442809972495,44.67599999811756,REJECTED_OUTLIER,14.030010902514135,65.08797803869203,37.01253465940101,128.83441282423948,0.3226016180675836,-0.1347680144844633,-4.285435281976659,-4.150667267492195
309.5,11.256370143149287,248.91564417177915,0.005353770711638006,-0.039890643253612273,-0.0793011412024498,-0.039410497948837525,13.11341820109045,ACCEPTED_INFLATED,13.94419460895773,65.5521827948618,37.29606663988969,129.10376130453497,0.30674846625760904,-2.285565500493994,-4.543620701471371,-2.258055200977378
309.6,11.28193251533743,248.94631901840492,0.005353770711638894,0.036268809214942514,-0.08530176430940628,-0.1215705735243488,123.94342713391752,REJECTED_OUTLIER,14.170248416790429,66.0198062283873,37.13264710420739,129.48514169264382,0.30674846625765995,2.0780496959813948,-4.887431079948657,-6.965480775930052
309.7,11.30749488752556,248.97699386503066,0.005353770711638894,-0.014787953547282288,-0.07820067554712296,-0.06341272199984066,33.45015942375094,REJECTED_OUTLIER,14.12612814739552,66.47634013927228,37.25145323402705,129.8289352238997,0.30674846625765995,-0.8472873258947896,-4.480568663922045,-3.6332813380272553
309.8,11.333057259713705,249.00766871165644,0.005353770711638006,-0.1974678733709903,-0.08248699456453323,0.11498087880645708,109.09765765452066,REJECTED_OUTLIER,13.332712646145694,67.04308374377655,38.36673783659205,130.11425587638743,0.30674846625760904,-11.314075733581522,-4.726156653266316,6.587919080315205
309.9,11.358619631901835,249.0383435582822,0.003463215159632327,-0.0895406710294928,-0.08572214096784592,0.0038185300616468826,0.11937718110701714,ACCEPTED_FULL,13.156393832242287,67.55560031207847,38.791325410644504,130.36958871742988,0.198427612192658,-5.130302544759258,-4.911516888283061,0.21878565647619644
310.0,11.38418200408998,249.06901840490798,-0.0003369924651082101,0.1115952723072468,-0.0759323313832283,-0.1875276036904751,295.26259155022524,REJECTED_OUTLIER,13.803139588971021,67.91989851734411,38.19786121719778,130.78271489478482,-0.019308245978410094,6.393938116818394,-4.3506021168477504,-10.744540233666145
310.1,11.409744376278125,249.09969325153375,-0.004156296610577037,-0.11062913864115864,-0.07513489574193954,0.0354942428992191,10.492386679539246,ACCEPTED_INFLATED,13.365108277456983,68.40947374111789,38.78568016510576,131.10111802657974,-0.2381382541905933,-6.3385827353060415,-4.304912420168596,2.0336703151374453
310.2,11.440206692913382,249.0220472440945,-0.007975600756045864,-0.0026089957834721234,-0.08369938284158707,-0.08109038705811494,54.45451508680581,REJECTED_OUTLIER,13.567727485223259,68.76820386138701,38.7157466539868,131.50729186932202,-0.4569682624027765,-0.14948444716038026,-4.795621384672638,-4.646136937512258
310.3,11.470718503937011,248.94330708661417,-0.011794904901514691,0.05206432611524183,-0.0797620639204979,-0.13182639003573973,142.77474046868707,REJECTED_OUTLIER,13.935962201841306,69.08011849608337,38.355313420637486,131.95100117996583,-0.6757982706149597,2.9830661495961097,-4.570029627897226,-7.553095777493336
310.4,11.501230314960623,248.86456692913387,-0.013723653494976062,-0.012701316984337553,-0.08435521274805069,-0.07165389576371314,41.852143112453675,REJECTED_OUTLIER,13.966512521888177,69.45950301954852,38.357873738606486,132.3804216256067,-0.7863074247620901,-0.7277318574603722,-4.833197670391463,-4.105465812931092
310.5,11.53174212598425,248.78582677165355,-0.013742750015703464,-0.26574818303405107,-0.07445741444826126,0.1912907685857898,295.9762524872369,REJECTED_OUTLIER,13.051571899836517,69.93004153756414,39.715805592745994,132.65394921468314,-0.7874015748031543,-15.226249301121234,-4.2660956013417675,10.960153699779466
310.6,11.56225393700788,248.70708661417322,-0.013742750015703464,-0.17432405711702764,-0.07217743247747421,0.10214662463955343,83.75191249504664,REJECTED_OUTLIER,12.826672366376641,70.30087457318828,40.51900642040917,132.8888260385992,-0.7874015748031543,-9.988032740403185,-4.13546225704975,5.8525704833534355
310.7,11.59276574803149,248.62834645669292,-0.013742750015702576,0.03317310759796654,-0.06285692006349564,-0.09603002766146218,73.46602840345501,REJECTED_OUTLIER,13.460853698943055,70.49777200438666,40.204800736026186,133.30254714789595,-0.7874015748031035,1.9006790586968467,-3.6014362328294864,-5.502115291526334
310.8,11.623277559055119,248.5496062992126,-0.013742750015702576,-0.3623610547266645,-0.056668512523174286,0.30569254220349024,738.9655831437013,REJECTED_OUTLIER,12.664781936398697,70.8918929092429,41.975247220984585,133.34497064549691,-0.7874015748031035,-20.76175909574693,-3.2468665988621384,17.51489249688479
310.9,11.65378937007873,248.47086614173233,-0.004233560908724954,0.08574819079930296,-0.07281357795000076,-0.15856176874930372,197.37764787351904,REJECTED_OUTLIER,13.687458699220457,71.06807136164846,41.337302352611715,133.71947732247543,-0.24256517238150938,4.913009433682577,-4.171910707781876,-9.084920141464453
311.0,11.684301181102358,248.392125984252,0.01673248254401649,0.7830940126929994,-0.05153416842222214,-0.8346281811152215,5429.513129979557,REJECTED_OUTLIER,16.48849358055486,70.79124999189762,37.1635180717619,134.9770004470136,0.9587006305484677,44.86798188927298,-2.952690351309689,-47.820672240582674
311.1,11.714812992125987,248.31338582677165,0.03964619123553703,-0.5290798090348803,-0.09301208704710007,0.4360677219877802,1471.665453601468,REJECTED_OUTLIER,13.765078133328302,71.63570264170605,40.07602978909537,135.38997402936144,2.2715594315648264,-30.3140400832862,-5.329200031502266,24.984840051783934
311.2,11.73736055776892,248.779482071713,0.06255989992705846,-0.11392328852785023,-0.09779223054647446,0.016131057981375777,1.9996681192288837,ACCEPTED_FULL,12.98599851073726,72.6657794417917,40.72555217365152,135.87920988630088,3.5844182325812364,-6.527323620896968,-5.603082079483315,0.9242415414136533
311.3,11.75827689243028,249.35717131474104,0.0854736086185861,-0.013390413082936849,-0.09180981665849686,-0.07841940357556001,49.55333816175416,REJECTED_OUTLIER,12.549037155593282,73.7083440963622,41.34771975873579,136.40422417902477,4.8972770335980025,-0.7672141555890426,-5.260315012401748,-4.493100856812706
311.4,11.779193227091627,249.93486055776876,0.09887812820312902,-0.12367104185055516,-0.09312117844820023,0.030549863402354938,7.463653566915624,ACCEPTED_INFLATED,11.59916794097623,74.84666090453118,42.47590573309313,136.88829921816728,5.665299432192767,-7.085828746022585,-5.335450508366474,1.7503782376561114
311.5,11.800109561752988,250.5125498007968,0.10082579344190812,-0.10573383021231686,-0.07976263016462326,0.0259712000476936,5.386364601902506,ACCEPTED_INFLATED,10.807105634531155,75.90087185950532,43.414670623638216,137.4017767431039,5.776892430279149,-6.058102222918589,-4.570062071295784,1.4880401516228055
311.6,11.821025896414348,251.09023904382482,0.10082579344190812,-0.09656793521448014,-0.07972688227891922,0.016841052935560916,2.2764404747095863,ACCEPTED_FULL,10.091717056775423,76.94199055928826,44.10703550103622,137.92334557717504,5.776892430279149,-5.532935124082472,-4.568013868318426,0.964921255764046
311.7,11.841942231075695,251.66792828685254,0.10082579344190723,-0.07341893965104265,-0.07284989207983017,0.0005690475712124832,0.002682845074469267,ACCEPTED_FULL,9.478533767511067,77.93189067736961,45.03581172437998,138.42544579217457,5.776892430279099,-4.206595378330437,-4.173991354157792,0.03260402417264545
311.8,11.862858565737056,252.24561752988058,0.10082579344190634,0.11057786629869944,-0.05871763080358505,-0.16929549710228448,242.64367755065217,REJECTED_OUTLIER,9.548686191956676,78.72456409000259,44.98924937803915,139.05689594464167,5.776892430279047,6.33564504647738,-3.36427242805278,-9.699917474530158
311.9,11.883774900398404,252.8233067729083,0.09216136199271574,-0.07694612552715782,-0.04939337819814682,0.027552747329011,6.374734335324787,ACCEPTED_INFLATED,8.692375520429522,79.62106868456749,45.88918285275645,139.5771295100898,5.2804570763600065,-4.40868824258999,-2.8300321066473075,1.5786561359426823
312.0,11.904691235059763,253.40099601593633,0.07252929579771195,0.031104341672633942,-0.0480213537812233,-0.07912569545385724,52.416000470936794,REJECTED_OUTLIER,8.320693849285504,80.43718627695935,46.296468203437996,140.2103126234809,4.155622540264832,1.7821475023748126,-2.7514208981686923,-4.533568400543505
312.1,11.925607569721123,253.97868525896436,0.05059402630609178,-0.08883954288025307,-0.03712213784456253,0.05171740503569054,22.212762290699462,REJECTED_OUTLIER,7.406778971564478,81.28832223458974,47.36252208675245,140.7968957035198,2.8988241759129214,-5.090130860910002,-2.1269418249963037,2.9631890359136985
312.2,11.922789046653143,254.05993914807303,0.02865875681447161,-0.11174907530414403,-0.03308238834142685,0.07866668696271718,50.98671987321341,REJECTED_OUTLIER,7.01557824536971,81.6234169270711,48.0327338764713,141.35210537778786,1.642025811561011,-6.4027503794170695,-1.895481228176558,4.507269151240512
312.3,11.913661257606488,254.00922920892492,0.006723487322846111,-0.05054358599401321,-0.016998015344142914,0.03354557064987029,9.199057294756477,ACCEPTED_INFLATED,7.106399446607497,81.69105699875158,48.15089513281956,141.96455725686442,0.3852274472087949,-2.8959341589134966,-0.9739145393180025,1.922019619595494
312.4,11.904533468559839,253.95851926977687,-0.0065473507195825675,-0.026399258264677764,-0.009168900549411774,0.01723035771526599,2.4167343495772418,GYRO_FALLBACK,7.26767451058808,81.85641468687902,48.2106746448533,142.59842195740507,-0.3751355632240237,-1.5125660808418935,-0.5253393042564763,0.9872267765854171
312.5,11.895405679513184,253.9078093306288,-0.008850554016198053,-0.043312152886314695,0.003192208707332611,0.046504361593647306,17.471304923832072,GYRO_FALLBACK,7.341227779710749,82.11829923190152,48.365500998356765,143.2792349555121,-0.5070993914807089,-2.4816035620111987,0.18290008625507082,2.66450364826627
312.6,11.886277890466529,253.85709939148072,-0.008850554016197165,-0.08239907966359024,-0.008707530796527863,0.07369154886706238,43.545275447109894,REJECTED_OUTLIER,7.297351361466923,82.07622794554001,48.71036371949418,143.81895410541455,-0.507099391480658,-4.721119500485972,-0.4989047646212345,4.222214735864737
312.7,11.877150101419879,253.80638945233267,-0.008850554016197165,0.06849243142213404,-0.03553827852010727,-0.10403070994224131,86.14369784068337,REJECTED_OUTLIER,7.7697578078226,82.22119548985037,48.27041603887943,144.5302242185332,-0.507099391480658,3.9243272490775034,-2.0361933703625756,-5.9605206194400795
312.8,11.868022312373226,253.7556795131846,-0.008850554016198053,0.10948821054593175,-0.029148943722248077,-0.13863715426817982,151.87415309710192,REJECTED_OUTLIER,8.202259568461557,82.34002391098267,47.6569511917844,145.3761231909981,-0.5070993914807089,6.27321237072164,-1.670111452549171,-7.943323823270811
312.9,11.858894523326576,253.70496957403654,-0.005948533216179719,-0.13829723380128472,-0.024257652461528778,0.11403958133975595,102.02343264267412,REJECTED_OUTLIER,7.625972298034554,82.4445955411222,48.369799074523655,146.0669266702815,-0.3408258475804796,-7.923847815147606,-1.3898611069407316,6.533986708206874
313.0,11.849766734279921,253.65425963488843,7.394005697936024e-05,-0.0929753721766376,-0.003881700336933136,0.08909367183970446,61.83041012921342,REJECTED_OUTLIER,7.496376894449895,82.41458151361257,48.77872418042995,146.7178790374972,0.004236453201874168,-5.327096424379397,-0.22240504664077831,5.104691377738618
313.1,11.840638945233266,253.60354969574036,0.006314845003258185,0.035496792317179476,-5.839020013809204e-05,-0.03555518251731757,9.779494224280581,ACCEPTED_INFLATED,7.847020620279636,82.34450870479236,48.60099105202147,147.4904132089905,0.36181396696597057,2.03381638602679,-0.0033455120328368705,-2.037161898059627
313.2,11.829004926108379,253.71911330049255,0.012555749949537898,0.0022732869147776835,-0.0011150911450386047,-0.0033883780598162883,0.08867012094075132,ACCEPTED_FULL,7.797265283787738,82.46070636724014,48.77845122643208,148.21708563815744,0.7193914807301179,0.1302497458390773,-0.0638900163831224,-0.19413976222219972
313.3,11.817182266009853,253.8471921182266,0.018796654895819387,-0.09342083692087995,4.199892282485962e-05,0.09346283584370481,70.61712010085459,REJECTED_OUTLIER,7.379558705024635,82.61944752431987,49.39282111751231,148.89918951989495,1.076968994494367,-5.352619674146358,0.0024063610219601174,5.3550260351683185
313.4,11.805359605911336,253.97527093596054,0.022135539042079877,-0.059767988488273124,0.0006090924143791199,0.060377080902652244,29.249903279114903,GYRO_FALLBACK,7.212337735216835,83.03797737851284,49.806747638836214,149.64598430488493,1.2682729643582342,-3.4244534903645394,0.03489842467735702,3.4593519150418963
313.5,11.79353694581281,254.10334975369454,0.022353970715198734,-0.048801159463542375,-0.001302279531955719,0.047498879931586656,17.970676979566583,GYRO_FALLBACK,7.052352052043545,83.39906058583037,50.15940477653001,150.2781454584689,1.280788177339926,-2.796100472605895,-0.07461512092733492,2.72148535167856
313.6,11.781714285714285,254.23142857142858,0.022353970715197846,-0.006400085675579412,0.0015669390559196472,0.007967024731499059,0.501879581722084,GYRO_FALLBACK,7.048089023569446,83.52959636116677,50.300631601250586,151.02585610961296,1.280788177339875,-0.3666978977328345,0.08977899465840948,0.45647689239124395
313.7,11.769891625615768,254.35950738916253,0.022353970715197846,-0.022304726780889513,0.0009695515036582947,0.023274278284547808,4.25211448767263,GYRO_FALLBACK,6.928530164831017,83.75302613249622,50.53175461740102,151.69272815281576,1.280788177339875,-1.277966707737388,0.05555120918018308,1.333517916917571
313.8,11.758068965517243,254.48758620689654,0.022353970715197846,-0.007350039306055975,-0.020319320261478424,-0.01296928095542245,1.3107691711787768,ACCEPTED_FULL,6.883150488328795,84.01791488475513,50.99056615104686,152.1602651386411,1.280788177339875,-0.42112623149227174,-1.164211293557374,-0.7430850620651023
313.9,11.746246305418724,254.6156650246305,0.02436103794298372,-0.015273031182518607,-0.010045059025287628,0.005227972157230979,0.2221395087213452,GYRO_FALLBACK,6.797664785127353,84.20453921348101,51.197999772216605,152.83874574333166,1.3957846586910279,-0.8750802271300171,-0.5755394871087776,0.29954074002123954
314.0,11.734423645320199,254.74374384236452,0.028941268283317,-0.046939842106099194,-0.020506002008914948,0.026433840097184247,5.634900983035341,ACCEPTED_INFLATED,6.517794312600728,84.41023622757035,51.43013236346286,153.52078160596417,1.6582125263898935,-2.689454843689957,-1.174907369797614,1.5145474738923432
314.1,11.722600985221675,254.87182266009853,0.03408759450840915,-0.07069053003476689,-0.018182627856731415,0.05250790217803547,22.28897179935578,REJECTED_OUTLIER,6.044338519373298,84.57770963575845,51.97555859382862,154.18822406479586,1.9530752990851663,-4.050269022534927,-1.0417878366477118,3.0084811858872156
314.2,11.71283673469388,255.11489795918362,0.03923392073350129,-0.05722166778337493,-0.026516743004322052,0.03070492477905288,7.562160287730078,ACCEPTED_INFLATED,5.517350453987206,84.9653170125751,52.46539466733154,154.91483693646714,2.2479380717804394,-3.2785600606870964,-1.5192974605807044,1.7592626001063918
314.3,11.70365306122449,255.39040816326533,0.0443802469585961,-0.03664260473690864,-0.04015091806650162,-0.003508313329592977,0.09852497898893683,ACCEPTED_FULL,5.104668197833547,85.51049849886084,53.05265228604779,155.5908140134723,2.5428008444758645,-2.0994666017909434,-2.30047814878611,-0.2010115469951669
314.4,11.694469387755104,255.66591836734688,0.04751950595590326,-0.06945439777088501,-0.010043852031230927,0.05941054573965408,29.184680951446563,GYRO_FALLBACK,4.474689796202426,86.14351363052089,53.75054908824487,156.19568570728663,2.7226671358200356,-3.979443860894544,-0.5754703314434312,3.403973529451113
314.5,11.685285714285715,255.9414285714286,0.04808560184066302,-0.08042360531469961,-0.03445801883935928,0.045965586475340325,17.327710157453215,REJECTED_OUTLIER,3.723305882024107,86.59194689494853,54.54076941973534,156.9322554499411,2.7551020408164937,-4.607933157758184,-1.9742990498775663,2.633634107880618
314.6,11.676102040816325,256.2169387755103,0.048085601840663905,-0.08304746925640921,-0.042214177548885345,0.04083329170752387,13.563759586094418,ACCEPTED_INFLATED,2.9647694720356412,87.10634694029628,55.294016302994976,157.69075564655537,2.7551020408165448,-4.758269487634705,-2.418694209167045,2.3395752784676604
314.7,11.66691836734694,256.49244897959187,0.048085601840663905,-0.0648704048890782,-0.032047294080257416,0.03282311080882079,8.712108688089872,ACCEPTED_INFLATED,2.3845662137087515,87.5744750800533,55.888886823432216,158.35183252853568,2.7551020408165448,-3.7168004154490024,-1.8361746956133373,1.8806257198356653
314.8,11.657734693877549,256.76795918367355,0.04808560184066302,-0.08417952487320444,-0.0386606901884079,0.04551883468479655,16.691853839493632,REJECTED_OUTLIER,1.6856302031013115,88.0690250354809,56.683575542254886,159.0100569081937,2.7551020408164937,-4.823131496651151,-2.215094380858604,2.608037115792547
314.9,11.648551020408165,257.0434693877551,0.046940132026715986,-0.14822270746218574,-0.055357515811920166,0.09286519165026558,68.92327147292795,REJECTED_OUTLIER,0.5122951748846276,88.62586858754239,57.878767977616945,159.81569978950702,2.689471454917693,-8.492535565585497,-3.171752020351746,5.32078354523375
315.0,11.639367346938775,257.3189795918368,0.04462581546384481,-0.04577190461694887,-0.043173640966415405,0.002598263650533464,0.053530196093452095,ACCEPTED_FULL,0.08764090216277509,89.19737110043118,58.3727380209107,160.43556126606987,2.5568708834079517,-2.622536954826537,-2.4736674135887156,0.14886954123782173
315.1,11.630183673469384,257.59448979591855,0.04228812196599652,-0.032307264347633466,-0.07631952315568924,-0.044012258808055774,15.916603239931252,ACCEPTED_INFLATED,0.2657875689109801,89.98174371745273,58.90046112604037,161.0946908072928,2.42293091218607,-1.8510698947328725,-4.372786571271951,-2.521716676539079
315.2,11.620268123138032,257.80436941410136,0.039950428468148225,-0.09435137170874866,-0.07394825667142868,0.02040311503731998,3.39811762951487,ACCEPTED_FULL,0.8871430323994787,90.62506366695169,59.19466172197909,161.72740219523044,2.288990940964188,-5.4059353901813365,-4.236923009622997,1.16901238055834
315.3,11.610337636544187,258.0129096325721,0.03761273497029993,-0.06953286528859406,-0.06112547963857651,0.008407385650017557,0.5921731074015132,ACCEPTED_FULL,1.3512469657988504,91.19581676804029,59.63755474969108,162.3472095148467,2.155050969742306,-3.983939718488141,-3.5022320040032824,0.4817077144848583
315.4,11.600407149950348,258.22144985104273,0.03642051128639778,-0.03106563803695609,-0.08078416436910629,-0.0497185263321502,21.088421434742603,REJECTED_OUTLIER,1.6207948159874377,91.90642548556403,60.02984313498729,163.005585787883,2.0867415844191735,-1.7799299473986596,-4.628591669840915,-2.8486617224422557
315.5,11.590476663356503,258.42999006951345,0.03639713435142067,0.039536413095326725,-0.04882560670375824,-0.08836201979908496,66.0501120150652,REJECTED_OUTLIER,1.358249736853793,92.42557432934055,59.97579190151498,163.47080710417686,2.085402184707033,2.265269607447981,-2.797501196291006,-5.062770803738987
315.6,11.580546176762658,258.6385302879842,0.03639713435142067,-0.0461932326478224,-0.07094154506921768,-0.02474831242139528,5.138031630008432,ACCEPTED_INFLATED,1.7378153644606869,93.05203943135618,60.62098091699502,164.1600755877309,2.085402184707033,-2.6466772727861483,-4.064651124603289,-1.4179738518171405
315.7,11.570615690168816,258.8470705064548,0.03639713435142067,-0.011564558538232465,-0.0931883379817009,-0.08162377944346844,55.924119432093704,REJECTED_OUTLIER,1.9500283301280774,93.82401198239424,60.90687542191384,164.86914083073748,2.085402184707033,-0.662600396172701,-5.3392984661901295,-4.676698070017429
315.8,11.560685203574971,259.0556107249256,0.03639713435141978,-0.023507960000399043,-0.08919719606637955,-0.06568923606598051,35.922427892238915,REJECTED_OUTLIER,2.1868420325577063,94.55519058885758,61.247215141010685,165.51189575107426,2.0854021847069824,-1.3469068929852221,-5.110622879004456,-3.7637159860192346
315.9,11.550754716981132,259.2641509433962,0.030690648965668643,-0.006000888095033772,-0.06255649775266647,-0.056555609657632705,26.410432765257102,REJECTED_OUTLIER,2.2971562160444705,95.12346822163153,61.47836647608588,166.09957522857715,1.7584446562503586,-0.3438255611757356,-3.584223302347408,-3.2403977411716727
316.0,11.540824230387287,259.472691161867,0.018713300518653497,0.013709457966447895,-0.04950527846813202,-0.06321473643457992,32.72929997175101,REJECTED_OUTLIER,2.305243872847086,95.61507559566815,61.597634817090636,166.6816540502025,1.0721931404788199,0.7854940808894686,-2.836443519843834,-3.621937600733303
316.1,11.530893743793442,259.6812313803377,0.006171574396125479,0.05291618725171971,-0.017302624881267548,-0.07021881213298725,40.060170368319355,REJECTED_OUTLIER,2.04435747007102,95.9122247927358,61.47725259999103,167.17064535364386,0.3536051658489896,3.03187419744751,-0.9913673801946776,-4.023241577642187
316.2,11.521768844221103,259.56281407035175,-0.00637015172640254,0.05178060519289192,-0.03123948723077774,-0.08302009242366966,55.55204364246905,REJECTED_OUTLIER,1.5730773354061398,95.97457429125731,61.06386335122187,167.81549091212577,-0.3649828087808406,2.966810138185901,-1.7898907724763922,-4.756700910662293
316.3,11.51272361809045,259.4120603015075,-0.018911877848933223,0.08027783008830934,-0.04006414860486984,-0.12034197869317918,115.80821987220136,REJECTED_OUTLIER,1.0030090377844658,96.05795241610664,60.472458807328536,168.54181072299173,-1.0835707834108235,4.599580852528458,-2.2955066248439873,-6.895087477372445
316.4,11.503678391959799,259.2613065326633,-0.025747118585709217,-0.01138181223233442,-0.08052586764097214,-0.06914405540863772,37.93481138718925,REJECTED_OUTLIER,0.9530591936759834,96.37247302253584,60.40513027272334,169.30014291672882,-1.4752012295839791,-0.6521298041231363,-4.6137923574567905,-3.961662553333654
316.5,11.494633165829143,259.11055276381904,-0.0263114962612212,-0.008553090238024103,-0.10609520226716995,-0.09754211202914585,74.91851764187525,REJECTED_OUTLIER,0.8817848935840402,96.82438421790667,60.318348956235184,170.0878653460342,-1.5075376884422198,-0.4900559724333258,-6.0788073164956415,-5.588751344062316
316.6,11.485587939698489,258.9597989949748,-0.0263114962612212,-0.03881474995487722,-0.10488574951887131,-0.06607099956399409,34.11659903844115,REJECTED_OUTLIER,0.915012411463465,97.26313233939041,60.386872311902295,170.8757618231775,-1.5075376884422198,-2.2239213552700674,-6.0095107784976305,-3.785589423227564
316.7,11.476542713567838,258.80904522613065,-0.0263114962612212,-0.03240570347364725,-0.11199376732110977,-0.07958806384746253,49.14200485755185,REJECTED_OUTLIER,0.8558232793341745,97.7263093267261,60.40522334874535,171.6153892968857,-1.5075376884422198,-1.8567100411924187,-6.41677019926975,-4.560060158077332
316.8,11.467497487437182,258.6582914572864,-0.0263114962612212,-0.014193174997541646,-0.09568660706281662,-0.08149343206527497,51.15178814963568,REJECTED_OUTLIER,0.6977152652903555,98.09315262254688,60.316414088202635,172.40928315971166,-1.5075376884422198,-0.8132090252497389,-5.482438740626087,-4.669229715376348
316.9,11.458452261306533,258.5075376884422,-0.02159206703455574,0.056857266442280494,-0.09653269499540329,-0.1533899614376838,179.94859359116597,REJECTED_OUTLIER,0.32539827272336197,98.44464920338598,59.860508829359645,173.32123022804612,-1.237134312043599,3.257681401793478,-5.530916008260252,-8.78859741005373
317.0,11.449407035175877,258.35678391959794,-0.01195656569677972,0.013284012382475653,-0.09513577073812485,-0.1084197831206005,89.28509352540485,REJECTED_OUTLIER,0.18850829292773597,98.79953951471293,59.65107792143701,174.19994523157683,-0.6850607518963743,0.7611178445153804,-5.45087814401875,-6.21199598853413
317.1,11.440361809045223,258.2060301507537,-0.0021244214745603784,-0.06079439112044066,-0.08516507595777512,-0.024370684837334455,4.480533557091339,ACCEPTED_INFLATED,0.2918898716156946,99.12695088635223,60.2609135359279,175.00062197514495,-0.12172038439926867,-3.483262029268858,-4.879599414291591,-1.3963373850227334
317.2,11.39359516616314,258.3256797583081,0.007707722747658963,-0.05677980539407656,-0.07920590788125992,-0.02242610248718336,3.903262089946228,ACCEPTED_FULL,0.5412326618190377,99.68508040735557,61.29735081815977,175.7812165037702,0.441619983097837,-3.2532432106547327,-4.538164234098177,-1.284921023443445
317.3,11.345256797583069,258.4565961732125,0.01753986696988008,-0.025874060036925214,-0.070928655564785,-0.045054595527859786,16.457419517478964,REJECTED_OUTLIER,0.6385564672459054,100.1974756907342,61.54762147819585,176.56252576186768,1.0049603505950444,-1.4824744389839217,-4.0639126103992815,-2.581438171415359
317.4,11.296918429003025,258.5875125881168,0.022652581965432184,0.08807811166707002,-0.051258258521556854,-0.13933637018862688,156.1902451255331,REJECTED_OUTLIER,0.2982777002121111,100.55966699097121,61.19188811938926,177.4913206058195,1.2978973416934274,5.046504066005088,-2.9368818784756945,-7.983385944480783
317.5,11.248580060422952,258.7184290030212,0.022849224849875505,0.052885415067402713,-0.05119767040014267,-0.10408308546754538,86.48979351331208,REJECTED_OUTLIER,0.2432469165427733,100.95465543484087,61.05374774761282,178.47795591013093,1.3091641490433084,3.0301110811597476,-2.933410434830036,-5.963521515989783
317.6,11.200241691842882,258.8493454179255,0.022849224849876393,-0.04823157581247925,-0.04876505583524704,-0.0005334800227677905,0.0022551174893116897,ACCEPTED_FULL,0.614545568334222,101.39202186766107,61.47507318279989,179.37651780769616,1.3091641490433594,-2.7634657333203254,-2.7940318870794627,-0.030566153759137463
317.7,11.151903323262838,258.9802618328298,0.022849224849875505,-0.14764219300598838,-0.042455799877643585,0.1051863931283448,90.89333113041751,REJECTED_OUTLIER,1.238988337836929,101.83394576664224,62.38293213307219,180.1795698512449,1.3091641490433084,-8.459274537299056,-2.4325381488410143,6.026736388458041
317.8,11.103564954682765,259.1111782477342,0.02274556997772681,-0.16335426928049368,-0.04424687474966049,0.11910739453083319,115.63744433382594,REJECTED_OUTLIER,1.6319259124101109,102.25608839399965,63.30744789909701,180.80493275763843,1.30322516234322,-9.359510195215844,-2.535159179799517,6.824351015416326
317.9,11.055226586102721,259.24209466263846,0.019186752700673715,-0.14166684236574154,-0.04225494712591171,0.09941189523982982,79.9406613879136,REJECTED_OUTLIER,1.7445163468424312,102.63356694500968,64.07308942684892,181.35583521524794,1.099319952309838,-8.116912164502116,-2.421030133863189,5.695882030638928
318.0,11.00688821752265,259.3730110775428,0.012276427890859587,0.05829233897616823,-0.02198510617017746,-0.08027744514634569,51.737211604195906,REJECTED_OUTLIER,1.1708546234733035,102.79792098347494,63.80293749774344,182.26214035658663,0.7033875056429452,3.33990500128039,-1.2596537956981935,-4.599558796978584
318.1,10.959741379310342,259.4979885057471,0.005366103081044571,-0.009064108348487716,-0.005896277725696564,0.003167830622791152,0.07997282772558961,GYRO_FALLBACK,1.1017623817321578,103.06696945967568,63.93588531201701,183.2726298799934,0.30745505897600145,-0.5193351534176409,-0.3378318285194088,0.1815033248982321
318.2,10.951120689655173,259.430938697318,-0.0015442217287686688,-0.10963527123670874,-0.016863949596881866,0.09277132163982688,68.09852299333191,REJECTED_OUTLIER,1.1398226747569424,103.07807930405596,64.36977245045307,183.98028633374784,-0.08847738769084046,-6.281638327635441,-0.966233137822677,5.315405189812764
318.3,10.942499999999999,259.3638888888889,-0.008350891666435878,0.19135691266970634,0.004008926451206207,-0.18734798621850013,275.77633073000703,REJECTED_OUTLIER,0.42745598672701135,102.93831000163254,63.34262707851164,185.44408424686807,-0.47847084765774667,10.963943476627643,0.22969456603247443,-10.734248910595168
318.4,10.93387931034483,259.2968390804598,-0.011702399199196023,0.224475525607624,0.006341181695461273,-0.21813434391216271,371.313848391199,REJECTED_OUTLIER,0.33442423445728764,102.84277767342255,62.34515747427011,187.52151488800715,-0.6704980842912065,12.861500221297689,0.3633229482755426,-12.498177273022145
318.5,10.925258620689656,259.22978927203064,-0.011702399199196023,-0.2627277916803202,-0.0032338276505470276,0.25949396402977315,521.9959174261389,REJECTED_OUTLIER,1.522018454845977,102.95284930721692,63.68320476985832,188.3660505221713,-0.6704980842912065,-15.05319362407465,-0.18528467604905152,14.867908948025597
318.6,10.916637931034481,259.1627394636015,-0.011702399199195135,-0.10736993023797609,0.008872397243976593,0.11624232748195268,104.0638484785094,REJECTED_OUTLIER,1.5410506770198253,102.84884531609657,64.0481227318119,189.0252823632732,-0.6704980842911555,-6.151843849250109,0.5083509162433621,6.660194765493471
318.7,10.908017241379312,259.0956896551724,-0.011702399199195135,0.1670700646386927,0.008341722190380096,-0.1587283424483126,192.7960500388017,REJECTED_OUTLIER,0.8847916018052047,102.61781629795263,63.12409201853501,190.48476038622948,-0.6704980842911555,9.572409586774949,0.4779454753794041,-9.094464111395544
318.8,10.899396551724138,259.0286398467433,-0.011702399199195135,0.027857184234952558,0.004626743495464325,-0.023230440739488233,4.104159450753845,ACCEPTED_INFLATED,1.0778343582918524,102.54415530013037,63.52275291140734,191.66443297620233,-0.6704980842911555,1.5960990857811546,0.26509287517971175,-1.3310062106014429
318.9,10.890775862068969,258.9615900383142,-0.009934819300546849,-0.040272653712779355,0.007448665797710419,0.047721319510489774,18.096612005002672,GYRO_FALLBACK,1.3719887521480132,102.7676517704484,63.69413293075257,192.93032463004366,-0.569223216146447,-2.307453087534122,0.4267771132122536,2.7342302007463757
319.0,10.882155172413794,258.8945402298851,-0.005171341268596308,-0.013190742565164826,0.004351995885372162,0.01754273845053699,2.4290471233056197,GYRO_FALLBACK,1.464832755016971,102.82558066207295,63.69052172971013,194.17197922603415,-0.2962960291123975,-0.7557738776275138,0.24935099669012487,1.0051248743176386
319.1,10.87353448275862,258.82749042145593,0.0008204549980082021,-0.13273962285893517,0.0045985206961631775,0.13733814355509835,147.89622371684538,REJECTED_OUTLIER,1.7267667084448135,102.67401736069789,64.17842208541498,194.93370175033434,0.04700860866628434,-7.605420163975252,0.26347582789371127,7.868895991868963
319.2,10.87493723849372,258.86171548117153,0.006812251264614488,-0.09830972727923304,0.006255529820919037,0.10456525710015208,85.1845481519099,REJECTED_OUTLIER,1.7191547744606055,102.60011014589298,64.50796089573399,195.59719915475003,0.39031324644506793,-5.632732458182191,0.3584154573568885,5.991147915539079
319.3,10.883305439330544,258.9663179916318,0.012804047531222551,0.07494670442907235,0.0011878535151481628,-0.07375885091392419,42.11968015998477,REJECTED_OUTLIER,1.3679475608611824,102.61436027886961,64.14169795347783,196.91006407502698,0.7336178842239534,4.29412985220028,0.06805899309776893,-4.226070859102511
319.4,10.89167364016736,259.070920502092,0.017028263899179663,-0.06597002441263394,-0.005177415907382965,0.06079260850525098,28.437437123560233,GYRO_FALLBACK,1.6390759929572027,103.02189552220707,64.51662065096357,198.01570324400143,0.9756476538579775,-3.7798039732189324,-0.2966440802769394,3.4831598929419934
319.5,10.900041841004183,259.17552301255233,0.018256582133833632,-0.06915119910785908,-0.0010248497128486633,0.06812634939501042,35.49408941549287,GYRO_FALLBACK,1.8186810680016379,103.42547155705233,64.86621579822594,199.07507945744103,1.0460251046026097,-3.962071857149149,-0.05871956318142275,3.903352293967726
319.6,10.908410041841005,259.2801255230126,0.018256582133832744,0.019682427084234073,-0.0008742287755012512,-0.020556655859735325,3.212429516609388,ACCEPTED_FULL,1.7062935280094393,103.50358598288943,65.26298423956067,199.71226412052584,1.0460251046025588,1.1277200025005953,-0.050089619165111635,-1.1778096216657068
319.7,10.916778242677823,259.3847280334728,0.018256582133830968,-0.041570536789693635,-0.004954911768436432,0.0366156250212572,10.738644854370751,GYRO_FALLBACK,1.8681278142033193,103.78341186649769,65.53642150042299,200.90005510402898,1.0460251046024571,-2.3818163101427636,-0.28389553219111063,2.097920777951653
319.8,10.925146443514645,259.4893305439331,0.018263593953872004,0.004136416243208554,-0.0026080384850502014,-0.006744454728258756,0.36179755334523106,ACCEPTED_FULL,1.8608126735911696,103.89044661282625,65.7208243478621,202.10845153812377,1.0464268522975138,0.23699919304520964,-0.14942959800106959,-0.38642879104627925
319.9,10.933514644351463,259.5939330543933,0.018504333108606552,-0.010626148158941091,-0.002050437033176422,0.00857571112576467,0.6059101726374929,ACCEPTED_FULL,1.9524162146092294,103.99407968559555,65.72892559992405,203.71731678132176,1.0602201898273502,-0.6088334419880345,-0.11748138815833495,0.4913520538296995
320.0,10.941882845188285,259.69853556485356,0.0189717877779918,-0.0644755797441007,-0.004284463822841644,0.06019111592125906,30.561569146100116,GYRO_FALLBACK,2.234710703374162,104.41226873133888,66.14137084064694,204.96696121534092,1.0870033694968082,-3.6941786009961506,-0.24548169452531265,3.448696906470838
320.1,10.950058997050148,259.8035398230089,0.019439242447377048,-0.024885916035638677,-0.005442716181278229,0.019443199854360448,3.1639834641814413,GYRO_FALLBACK,2.3112178067308946,104.60512690547495,66.33716241058795,206.31740481901784,1.1137865491662662,-1.4258579581590334,-0.3118446662748028,1.1140132918842305
320.2,10.952025565388396,259.92153392330385,0.019906697116763183,-0.06035141639922651,-0.004342533648014069,0.05600888275121244,26.053259213812517,GYRO_FALLBACK,2.546834257355158,105.01060641452622,66.73276245376113,207.57395709472996,1.140569728835775,-3.4578814473123027,-0.24880885042475512,3.2090725968875478
320.3,10.953992133726647,260.03952802359885,0.020367139966107395,-0.061746410191285864,-0.0028215721249580383,0.058924838066327825,28.616927507449653,GYRO_FALLBACK,2.7521322708062144,105.41617309424174,67.12723675192063,208.87609623691938,1.1669511608101764,-3.537808704044254,-0.16166417435185493,3.3761445296923993
320.4,10.955958702064896,260.1575221238938,0.020593855480758094,-0.056696462228468913,-8.78944993019104e-05,0.056608567729167,26.213646612070328,GYRO_FALLBACK,2.924156957335242,105.79491011849285,67.49330121446658,210.17167289901718,1.1799410029497976,-3.2484679990141547,-0.0050359838524150265,3.2434320151617397
320.5,10.957925270403146,260.27551622418883,0.020593855480758982,-0.05178386079087535,0.005294077098369598,0.05707793788924495,26.453428684130945,GYRO_FALLBACK,3.1033896097234788,106.16093809978182,67.852700717374,211.46842694761466,1.1799410029498487,-2.966996670210143,0.30332827415344316,3.270324944363586
320.6,10.959891838741397,260.3935103244838,0.02059385548076076,-0.03486968030223158,0.0050520822405815125,0.03992176254281309,12.845702400426465,GYRO_FALLBACK,3.2260613946453987,106.44569808041521,68.14256962297404,212.80396613000482,1.1799410029499504,-1.9978855142883305,0.2894629901383173,2.2873485044266477
320.7,10.961858407079646,260.51150442477876,0.02059385548075987,-0.07962349133744179,0.005291633307933807,0.0849151246453756,57.69102232197235,REJECTED_OUTLIER,3.604219806640856,106.19917178547499,68.70433594076115,214.23533836464037,1.1799410029498996,-4.562090003731885,0.3031882552754579,4.865278259007343
320.8,10.963824975417896,260.6294985250738,0.020593855480758094,0.007818235532341532,0.005746476352214813,-0.0020717591801267185,0.03409150055419106,ACCEPTED_FULL,3.4877007418011203,106.3538593251269,68.80183925710827,215.48010244730028,1.1799410029497976,0.4479518992423862,0.3292488420536415,-0.11870305718874467
320.9,10.965791543756145,260.74749262536875,0.019589373877092697,-0.04829575716155887,0.0039019808173179626,0.052197737978876835,22.42026358946597,GYRO_FALLBACK,3.704991236887281,106.67477626852298,69.19861421365385,216.84167064587987,1.1223884464612377,-2.7671430537460435,0.22356703257332675,2.9907100863193703
321.0,10.967758112094396,260.86548672566374,0.017416890408696872,-0.10945006547599817,0.0011366978287696838,0.11058676330476785,99.85179845423177,REJECTED_OUTLIER,4.314422845189881,106.454895873232,69.97846060453446,218.36036668011107,0.9979143126602142,-6.271026819205215,0.06512798817018721,6.336154807375402
321.1,10.969724680432646,260.98348082595874,0.015080886679238681,-0.02638438053372147,-0.004206158220767975,0.022178222312953494,3.98517814481437,GYRO_FALLBACK,4.411401061524373,106.58068157862832,70.26113762474574,219.78272454240752,0.8640711580354398,-1.5117136496493666,-0.24099511401426052,1.270718535635106
321.2,10.968243105209398,261.0439223697651,0.012744882949783154,0.016323447153151753,-0.0005057677626609802,-0.016829214915812733,2.2772054478642247,ACCEPTED_FULL,4.142184515545864,106.8202504822103,70.52830728756965,220.72411017883763,0.7302280034108178,0.9352646289804342,-0.028978358214248472,-0.9642429871946826
321.3,10.966200204290091,261.0949948927477,0.010408879220326739,-0.042596049156067274,-0.0007887110114097595,0.041807338144657515,14.497264496750676,GYRO_FALLBACK,4.219968313145614,106.9770082522783,70.81388981362849,222.02610186798893,0.5963848487861451,-2.440573840574447,-0.04518981220927374,2.3953840283651733
321.4,10.964157303370786,261.14606741573033,0.00907735709453572,-0.06472853221843998,-0.005429349839687347,0.05929918237875263,28.934295315065757,GYRO_FALLBACK,4.45238809135418,107.27206427453726,71.23008909890379,223.29604699041678,0.5200942506500322,-3.7086717101931823,-0.3110788313141151,3.3975928788790672
321.5,10.962114402451482,261.19713993871295,0.008913836833474242,-0.0503550863726342,-0.00637296587228775,0.04398212050034645,15.79141265790661,GYRO_FALLBACK,4.608593045659347,107.48610985997868,71.57527234918103,224.603283294822,0.5107252298263321,-2.8851339261686655,-0.3651440474629973,2.519989878705668
321.6,10.960071501532175,261.24821246169563,0.008913836833474242,-0.03387713279985952,-0.011152036488056183,0.02272509631180334,4.182742145096683,GYRO_FALLBACK,4.6456058022863544,107.6017418991884,71.80296291115931,225.7620430753952,0.5107252298263321,-1.9410167314361604,-0.638964623741516,1.3020521076946445
321.7,10.95802860061287,261.29928498467825,0.008913836833473354,0.010224116249417221,-0.003188870847225189,-0.01341298709664241,1.4457538746819119,ACCEPTED_FULL,4.36917854241392,107.91192486607568,72.04462506880904,226.71569362056215,0.5107252298262812,0.5857987103427313,-0.18270884095831047,-0.7685075513010418
321.8,10.955985699693564,261.3503575076609,0.008815821011313396,0.012272938914246821,0.0003672763705253601,-0.011905662543721461,1.1751225629277848,ACCEPTED_FULL,4.04094276839794,108.12500068510178,72.18807979300908,227.59370283169864,0.5051093368910108,0.7031876020082138,0.02104338594598616,-0.6821442160622276
321.9,10.953942798774259,261.4014300306435,0.007317579158286236,-0.038732651184548675,-0.0045729950070381165,0.03415965617751056,9.881849287774227,GYRO_FALLBACK,4.053207679918103,108.28032821817092,72.4099192354303,228.53857823841315,0.4192664020226947,-2.219217442227028,-0.26201331363768227,1.9572041285893456
322.0,10.951899897854954,261.4525025536261,0.004517127096550055,-0.008111159537629309,0.0006694570183753967,0.008780616556004706,0.6474997789123939,ACCEPTED_FULL,3.8805478930291883,108.36481419627762,72.2924116088935,229.4342877274037,0.2588123181565017,-0.4647352084634436,0.03835706171832223,0.5030922701817658
322.1,10.95156462585034,261.49795918367346,0.0017166750348156512,-0.024366204748899535,-0.02672753483057022,-0.002361330081670686,0.047652718647567024,ACCEPTED_FULL,3.833882388661948,108.64576468988813,72.49521978274731,230.4425558842017,0.09835823429041048,-1.3960806948635671,-1.5313749425805794,-0.1352942477170123
322.2,10.973916423712335,261.46880466472305,-0.001083777026918753,-0.0451055254398128,-0.047510333359241486,-0.002404807919428688,0.05005615885109656,ACCEPTED_FULL,3.870116113448262,108.96364340114985,72.76577200750134,231.50508924739938,-0.062095849575680755,-2.5843562404212395,-2.72214158474414,-0.13778534432290035
322.3,10.996268221574342,261.4396501457726,-0.0037862132664958636,-0.010115764604829373,-0.03329100459814072,-0.023175239993311343,4.6932605851958,ACCEPTED_INFLATED,3.692179656840267,109.25448846995977,72.91506678449016,232.39935698906342,-0.2169340405066542,-0.5795906184045461,-1.9074340592240804,-1.327843440819534
322.4,11.018620019436337,261.4104956268222,-0.005088423475203996,0.0224374739814067,-0.06875624507665634,-0.09119371905806303,72.56114157472892,REJECTED_OUTLIER,3.2671467526814695,109.94092189059506,72.71340647209652,233.21950126363748,-0.2915451895044803,1.2855725620691996,-3.9394426580595536,-5.2250152201287525
322.5,11.040971817298344,261.3813411078717,-0.005088423475203108,-0.010204622933518426,-0.09378894418478012,-0.0835843212512617,60.432258179405245,REJECTED_OUTLIER,3.0505663900570994,110.68902818891618,72.72748996762562,234.17400212931017,-0.29154518950442937,-0.5846818256130151,-5.373710666775946,-4.789028841162931
322.6,11.063323615160352,261.35218658892126,-0.005088423475203108,-0.014998203263427004,-0.09072091430425644,-0.07572271104082944,49.17637941501423,REJECTED_OUTLIER,2.891782932680087,111.34476595314939,72.77068113386716,235.11349586236378,-0.29154518950442937,-0.8593337472737054,-5.197925503201913,-4.338591755928208
322.7,11.085675413022345,261.32303206997085,-0.005088423475203108,-0.008490813776558574,-0.09509403258562088,-0.0866032188090623,63.78142900210049,REJECTED_OUTLIER,2.703530825845746,112.0173350566489,72.77971157641244,236.0626803630539,-0.29154518950442937,-0.4864877940283419,-5.448486724035599,-4.961998930007257
322.8,11.108027210884352,261.2938775510204,-0.005088423475201331,-0.10613304864240371,-0.08962010592222214,0.01651294272018157,2.2995041073367193,ACCEPTED_FULL,3.0948302433707227,112.4244068899983,73.10209723558788,237.13331403231882,-0.2915451895043276,-6.080975754066404,-5.134853828858723,0.9461219252076811
322.9,11.130379008746347,261.26472303207,-0.0011234541426805578,-0.058113775274873394,-0.09399887174367905,-0.03588509646880565,11.038422565996724,ACCEPTED_INFLATED,3.233244766420796,112.96464942453392,73.46504238106289,238.2088532335705,-0.06436918085208417,-3.329674054821961,-5.385738629904338,-2.056064575082378
323.0,11.152730806608353,261.2355685131195,0.007924809205895222,-0.0027469702888025804,-0.09251395612955093,-0.08976698584074835,68.59890049151439,REJECTED_OUTLIER,3.0470721890543473,113.57112985520328,73.45325702292178,239.1826470815705,0.45405812094421766,-0.1573898039962207,-5.300659232281721,-5.1432694282855005
323.1,11.175082604470362,261.2064139941691,0.01809139723800346,0.033629526776097554,-0.06390620023012161,-0.09753572700621917,80.31002697986311,REJECTED_OUTLIER,2.632338847302492,113.98671211001567,73.21269944386526,240.03797960855093,1.0365607072322327,1.9268299512925837,-3.6615555579039385,-5.588385509196522
323.2,11.20044354838709,261.4044354838709,0.02825798527010992,0.035211208966288175,-0.0790041908621788,-0.11421539982846698,109.21394070616812,REJECTED_OUTLIER,2.4319342687728636,114.7479584875218,73.20788979912305,241.0998230802127,1.619063293520146,2.0174536653215145,-4.52660670024887,-6.544060365570385
323.3,11.226653225806452,261.66653225806454,0.03842457330221816,-0.09427977220915792,-0.0806237980723381,0.01365597413681982,1.548495648581786,ACCEPTED_FULL,3.049815891133221,115.405774760935,73.76409050193709,242.12847774820344,2.201565879808161,-5.401833041039539,-4.619403357859956,0.7824296831795832
323.4,11.252862903225799,261.928629032258,0.04462619200180473,-0.06720088094355403,-0.09260260313749313,-0.025401722193939102,5.470430481420212,ACCEPTED_INFLATED,3.4872871731676014,116.1890579545069,74.53300039315974,243.2847365299953,2.556892457443882,-3.8503268576267673,-5.305738331703272,-1.4554114740765045
323.5,11.279072580645161,262.1907258064516,0.04574451668533719,-0.02355629754429641,-0.09214211255311966,-0.06858581500882324,39.8123345112107,REJECTED_OUTLIER,3.6850697316701257,117.00273108984481,74.92743337777125,244.37758690722555,2.620967741935595,-1.3496764302425697,-5.279354164713159,-3.9296777344705887
323.6,11.305282258064523,262.4528225806452,0.04574451668533719,-0.09144080020742043,-0.07962419837713242,0.011816601830288015,1.1720266392244563,ACCEPTED_FULL,4.236253284427505,117.67834237468287,75.50333620763755,245.4191551221385,2.620967741935595,-5.239171927184174,-4.5621305141221065,0.6770414130620671
323.7,11.33149193548387,262.7149193548387,0.04574451668533808,-0.10381799654233055,-0.08532216399908066,0.018495832543249893,2.922663867538601,ACCEPTED_FULL,4.802548178778579,118.38950519047972,76.05717798240158,246.44885770576894,2.620967741935646,-5.948333039379314,-4.888599896070375,1.0597331433089385
323.8,11.35770161290323,262.97701612903234,0.04574451668533985,-0.049313085238112175,-0.07945951074361801,-0.030146425505505836,7.864828209443747,ACCEPTED_INFLATED,5.064370080063782,119.0955472684704,76.63461195393708,247.56162131703613,2.6209677419357478,-2.8254316589127098,-4.552694607783733,-1.7272629488710236
323.9,11.383911290322578,263.2391129032258,0.044385333221556245,0.015660078879993065,-0.07408513873815536,-0.08974521761814844,69.27425530915137,REJECTED_OUTLIER,5.050071786074341,119.79368726173547,76.79690203214756,248.68269149666222,2.5430922658769743,0.8972564266655598,-4.244765774337464,-5.142022201003024
324.0,11.41012096774194,263.5012096774194,0.04144570386965096,-0.02498839473529345,-0.06656952947378159,-0.04158113473848814,14.746507714467656,ACCEPTED_INFLATED,5.27939979148033,120.42905974747163,77.22475194241565,249.80959775349595,2.3746639106800242,-1.4317295551392408,-3.814153083019425,-2.382423527880184
324.1,11.436330645161302,263.76330645161306,0.03828481209341028,-0.0805760331115726,-0.067286916077137,0.01328911703443561,1.4953987317865471,ACCEPTED_FULL,5.75619596550689,121.05414165408197,77.7191439600669,250.874867161932,2.1935581524038232,-4.616666627199485,-3.855256307670915,0.7614103195285692
324.2,11.469505549949549,263.94752774974774,0.035123920317171375,-0.0924860028879306,-0.05998619645833969,0.03249980642959091,9.081512947361587,ACCEPTED_INFLATED,6.184832753376554,121.55595488111715,78.35361540166954,251.94574737454644,2.0124523941277235,-5.299057629513166,-3.4369558861054705,1.862101743407696
324.3,11.503814328960654,264.1190716448033,0.031963028540930694,-0.06373790359752597,-0.04980022460222244,0.013937678995303529,1.6595674482971758,ACCEPTED_FULL,6.404751477892489,121.99632901468033,78.65221838608582,253.05183947950906,1.8313466358515225,-3.6519128711499445,-2.853342688510915,0.7985701826390298
324.4,11.538123107971742,264.2906155398587,0.03016132022847362,0.04236237269408663,-0.029809214174747467,-0.0721715868688341,45.07677684425113,REJECTED_OUTLIER,6.206908282933455,122.33110849150063,78.57711279270916,254.29061210394278,1.7281163536340942,2.427185165531407,-1.707942162814579,-4.135127328345986
324.5,11.572431886982848,264.46215943491427,0.02994005780413911,-0.0003627887746548916,-0.030683599412441254,-0.030320810637786362,7.889256812920806,ACCEPTED_INFLATED,6.28585162226085,122.66711967986092,78.799192252777,255.47197452243591,1.7154389505548941,-0.02078626564244798,-1.7580407466029764,-1.7372544809605284
324.6,11.606740665993954,264.63370332996976,0.029940057804139997,-0.10391620732234727,-0.03544490784406662,0.06847129947828065,40.000621839086904,REJECTED_OUTLIER,6.807783013321796,123.04738431420563,79.53472716712335,256.6062912044258,1.715438950554945,-5.95396010257696,-2.030843624695163,3.9231164778817966
324.7,11.641049445005041,264.8052472250252,0.02994005780413822,0.01590987691239644,-0.03066309541463852,-0.04657297232703496,18.353224281758642,REJECTED_OUTLIER,6.750229293941118,123.37975853650875,79.60640680844014,257.83745534469244,1.715438950554843,0.9115687996529453,-1.756865954065734,-2.6684347537186794
324.8,11.675358224016147,264.97679112008075,0.02994005780413822,0.019330482988078462,-0.029475964605808258,-0.04880644759388672,19.99123383409468,REJECTED_OUTLIER,6.754279023215474,123.70996249979348,79.67255018610336,259.1147029511502,1.715438950554843,1.1075550911663323,-1.6888483689898084,-2.796403460156141
324.9,11.709667003027233,265.1483350151362,0.027914144607611213,-0.1455927805347098,-0.05560494214296341,0.0899878383917464,67.41221446294112,REJECTED_OUTLIER,7.443411966688643,124.21955451183541,80.62554323637815,260.2308435808833,1.599362674733988,-8.341851852213317,-3.185928504860931,5.155923347352386
325.0,11.74397578203834,265.3198789101917,0.02375569120420895,-0.15809772583566656,-0.059411756694316864,0.0986859691413497,80.42842850432876,REJECTED_OUTLIER,8.024955703821206,124.73869097952655,81.61306464427315,261.25414961880546,1.361100845417225,-9.05833244100009,-3.404042912042472,5.6542895289576185
