timestamp_ns,elapsed_realtime_ns,latitude,longitude,altitude,speed_mps,bearing_deg,accuracy_m,bearing_accuracy_deg
125182098832723,125182031503973,10.82832893,77.05647749,267.4056396484375,10.13,265.8,17.88789,9.603666
125183060106577,125183024689546,10.82835858,77.05635517,252.22747802734375,10.04,267.7,10.004037,7.600151
125184072255431,125184032508556,10.82835579,77.05621521,242.23150634765625,9.88,271.2,6.9904585,4.7455225
125185067907722,125185040649285,10.82844368,77.05626424,236.27947998046875,8.93,277.9,4.930045,4.7508383
125186219709753,125186169666315,10.82842843,77.05607734,237.38201904296875,9.33,279.5,3.7900925,5.5761437
125187219286628,125187170123086,10.82844259,77.05600158,237.95513916015625,8.15,282.0,3.7900925,1.9063609
125188208179075,125188169558398,10.8284585,77.05593364,238.30914306640625,7.44,283.6,3.7900925,2.601322
125189207243762,125189170122721,10.82847553,77.05586235,238.739501953125,7.83,284.7,3.7900925,1.3676732
125190212771054,125190170391575,10.82849424,77.0557974,239.303955078125,7.35,284.6,3.7900925,1.0517827
125191203331105,125191169743085,10.82850466,77.05573852,239.251220703125,6.37,280.4,3.7900925,0.6843188
125192210806834,125192169912876,10.82851176,77.05568451,238.832763671875,5.43,274.3,3.7900925,3.5986733
125193195069230,125193170254960,10.82851456,77.05566128,241.26214599609375,2.65,286.1,3.7900925,11.968141
125194185514698,125194170055063,10.82851772,77.05564863,242.19769287109375,1.41,294.4,3.7900925,14.953132
125195201892666,125195169563708,10.82852134,77.05562964,240.8099365234375,2.11,289.4,3.7900925,6.4349446
125196229451364,125196170246625,10.82853421,77.05560171,240.123046875,2.9,289.9,3.7900925,9.509988
125197206388030,125197169887249,10.82853523,77.05556124,240.71771240234375,4.61,271.9,3.7900925,7.4922676
125198205796363,125198169848030,10.82853573,77.05552584,240.0531005859375,3.77,273.0,3.7900925,7.174433
125199215154332,125199169697144,10.82853667,77.05548724,239.51507568359375,4.41,272.9,3.7900925,5.68491
125200219840217,125200170388967,10.82853365,77.05542888,240.31036376953125,5.49,273.2,3.7900925,3.6904554
125201218742456,125201169925686,10.82853319,77.05537594,240.49462890625,5.76,271.0,3.7900925,1.9390414
125202221176257,125202170486206,10.82853325,77.05532024,240.5250244140625,5.94,269.3,3.7900925,3.335506
125203199409747,125203170224798,10.82853051,77.05525815,240.20172119140625,6.32,268.6,3.7900925,7.805121
125204202172507,125204170105110,10.8285302,77.0551959,240.72705078125,6.6,268.2,3.7900925,9.514458
125205217703965,125205169766100,10.82852655,77.05513236,240.951416015625,6.84,266.2,3.7900925,9.117724
125206202930527,125206170387662,10.82852231,77.05506383,240.39697265625,7.08,262.8,3.7900925,1.6232874
125207207684849,125207170046256,10.82851395,77.05499661,240.6033935546875,7.33,263.9,3.7900925,1.9706558
125208211246568,125208169659433,10.82850769,77.05492953,240.54913330078125,7.31,263.3,3.7900925,2.314795
125209210154588,125209170306879,10.82850091,77.05486744,240.7200927734375,6.83,263.7,3.7900925,7.6896114
125210201005681,125210169657712,10.82849579,77.05481451,240.660888671875,5.63,264.7,3.7900925,1.5640266
125211204216983,125211170331045,10.828493,77.05476244,240.90875244140625,5.48,266.9,3.7900925,1.0856999
125212195070212,125212169821878,10.82849057,77.05472329,241.01947021484375,4.05,267.2,3.7900925,2.006657
125213204022087,125213170337138,10.82848889,77.05467833,241.28839111328125,4.58,267.0,3.7900925,1.7634639
125214215700628,125214170336878,10.8284847,77.05463388,241.2708740234375,5.27,266.5,3.7900925,1.1565621
125215205317346,125215170010679,10.82848147,77.0545825,241.4410400390625,5.47,265.9,3.7900925,1.151818
125216191534950,125216169667138,10.82847609,77.05453296,241.6900634765625,5.44,264.1,3.7900925,1.2810377
125217189329533,125217170292241,10.82846914,77.05447466,242.1417236328125,5.62,267.1,3.7900925,1.5002575
125218201304845,125218169986043,10.82846771,77.05441519,242.55548095703125,6.41,274.9,3.7900925,1.7729753
125219207615470,125219169690522,10.82848304,77.05437388,242.88470458984375,5.21,291.4,3.7900925,2.078579
125220193864792,125220170423230,10.82851359,77.05433212,243.08306884765625,5.15,316.4,3.7900925,2.4038131
125221202687396,125221170172136,10.82855525,77.05429992,243.3284912109375,5.41,330.2,3.7900925,2.7303772
125222210771094,125222169987240,10.8286029,77.05427544,243.3360595703125,5.82,334.3,3.7900925,3.041185
125223193606510,125223170075625,10.82865397,77.05425433,243.378662109375,6.14,338.5,3.7900925,3.3287406
125224414214947,125224170422812,10.82870279,77.05423275,243.36944580078125,5.88,339.6,3.7900925,3.6203465
125225245628592,125225169810207,10.82873931,77.05421863,243.59613037109375,4.59,339.4,3.7900925,3.9321847
125226187900102,125226170282915,10.82876719,77.05420783,243.35650634765625,3.45,339.3,3.7900925,4.2911754
125227191763227,125227169643956,10.82879305,77.05419747,243.54705810546875,3.29,339.2,3.7900925,4.6419544
125228197877966,125228170121195,10.8288321,77.05418644,243.7955322265625,4.25,340.6,3.7900925,4.932222
125229207283903,125229170332496,10.82887414,77.05417178,243.99285888671875,4.83,337.1,3.7900925,5.156878
125230205208382,125230169938643,10.8289206,77.05415354,243.93634033203125,5.39,336.1,3.7900925,5.2891192
125231203650309,125231169642548,10.82897065,77.05413528,244.32763671875,5.85,335.6,3.7900925,5.371043
125232194748225,125232170072652,10.82902422,77.05411328,244.29931640625,6.27,335.3,3.7900925,5.363565
125233202013225,125233169530360,10.82907983,77.05408854,244.33734130859375,6.62,333.6,3.7900925,5.335875
125234200014891,125234169128121,10.82913841,77.05406383,244.496826171875,6.84,336.9,3.7900925,5.3121834
125235204193484,125235168800464,10.82919869,77.05404244,244.57244873046875,6.99,339.2,3.7900925,5.3327527
125236204821401,125236169396192,10.82925802,77.05402159,245.017578125,7.12,338.8,3.7900925,5.180297
125237215987546,125237168823796,10.82932048,77.05400081,244.9688720703125,7.41,340.0,3.7900925,5.130123
125238199041869,125238168592650,10.82938473,77.05397817,245.25299072265625,7.5,337.8,3.7900925,5.004519
125239199063014,125239168938952,10.82944785,77.05395149,245.38671875,7.64,335.1,3.7900925,4.9138474
125240212531712,125240169434367,10.82950956,77.05392411,245.6318359375,7.61,334.6,3.7900925,4.798409
125241211670149,125241168951659,10.82957646,77.05389535,245.7154541015625,7.88,335.9,3.7900925,4.62638
125242188464836,125242169436867,10.82964393,77.0538678,246.08984375,8.04,332.9,3.7900925,4.5890574
125243211233481,125243169470878,10.82971071,77.05383333,246.20379638671875,8.16,330.6,3.7900925,4.505258
125244207062700,125244169177544,10.82977111,77.05381722,245.9727783203125,8.09,331.1,3.7900925,4.3376074
125245201448949,125245168974470,10.82983693,77.05377965,246.098388671875,8.27,331.6,3.7900925,4.2456164
125246218851032,125246169489365,10.82990462,77.05374136,246.350341796875,8.38,330.6,3.7900925,4.147607
125247216009782,125247169172230,10.82996404,77.05369949,248.0482177734375,8.15,330.1,3.7900925,4.064203
125248184560511,125248168647594,10.83002576,77.05366324,248.50079345703125,7.83,329.8,3.7900925,4.0245223
125249212752021,125249169161448,10.83008645,77.05363333,249.0928955078125,7.61,327.3,3.7900925,4.013776
125250210319052,125250168748323,10.83014636,77.05358539,249.23492431640625,7.97,325.2,3.7900925,3.96937
125251214214624,125251169161447,10.8302015,77.05354318,249.29986572265625,7.48,322.4,3.7900925,3.965737
125252198786134,125252169046395,10.83024885,77.05350222,249.4183349609375,6.91,316.4,3.7900925,4.0275373
125253216662123,125253169185092,10.83027533,77.05345563,250.21343994140625,6.44,309.8,3.7900925,8.3983965
125254191848790,125254168952019,10.83030083,77.05339885,250.56298828125,6.69,290.8,3.7900925,1.9911995
125255208700612,125255168957227,10.83032247,77.05334244,250.71746826171875,6.87,286.1,3.7900925,1.6100957
125256214371706,125256168976237,10.83033995,77.05328453,250.878173828125,6.61,282.2,3.7900925,5.846254
125257200500559,125257168623684,10.83035685,77.05322971,250.53955078125,7.12,278.7,3.7900925,4.985089
125258203045455,125258169430089,10.83036745,77.05316431,250.79669189453125,7.05,277.4,3.7900925,1.1029613
125259199198684,125259169133372,10.83037722,77.05310452,250.9912109375,6.1,278.3,3.7900925,1.0533597
125260203036965,125260168827850,10.83038364,77.05305744,251.02740478515625,4.76,277.4,3.7900925,1.644223
125261211414100,125261169245454,10.83038863,77.05302006,251.04730224609375,3.45,276.4,3.7900925,1.8804526
125262211116026,125262169052016,10.83039093,77.052986,251.04351806640625,3.02,271.5,3.7900925,1.7960459
125263191811182,125263169103370,10.83039363,77.05295393,250.57843017578125,3.34,274.1,3.7900925,1.6877544
125264200092171,125264168633630,10.83039535,77.05291973,250.80511474609375,4.04,270.2,3.7900925,1.4061365
125265219501442,125265169249359,10.83039601,77.05287851,250.76605224609375,4.6,266.7,3.7900925,0.94773465
125266195336493,125266168952222,10.83039388,77.05283298,250.7625732421875,5.02,265.1,3.7900925,0.7353015
125267217298576,125267168595451,10.83039062,77.05278721,250.9268798828125,5.08,262.6,3.7900925,1.881557
125268197197795,125268169340555,10.83038414,77.05273935,251.156005859375,5.36,260.3,3.7900925,1.843579
125269194736024,125269168823315,10.83037779,77.05268929,251.39324951171875,5.45,259.9,3.7900925,1.8776639
125270201007013,125270169423575,10.83036937,77.05263583,251.66796875,5.89,258.6,3.7900925,1.9234867
125271186616283,125271169499564,10.83035773,77.05258256,252.0391845703125,5.97,257.5,3.7900925,1.9848858
125272197811335,125272169537115,10.83034767,77.05252514,252.1787109375,6.17,256.0,3.7900925,2.0575237
125273197054772,125273169083678,10.83033436,77.05246743,252.4617919921875,6.35,255.2,3.7900925,2.1408792
125274199359511,125274169432949,10.83032025,77.05240952,252.4573974609375,6.48,253.9,3.7900925,2.2311802
125275207028886,125275169358469,10.8303047,77.05235293,252.339111328125,6.66,253.7,3.7900925,2.3321562
125276202277010,125276169011281,10.83028966,77.05229255,252.4600830078125,6.77,253.2,3.7900925,2.431282
125277212398781,125277168754250,10.83027393,77.05223206,252.6444091796875,6.87,253.5,3.7900925,2.52626
125278200399197,125278169083833,10.83025821,77.05217011,252.997314453125,7.0,254.4,3.7900925,0.63323545
125279202028364,125279169290290,10.83024238,77.05210757,253.4736328125,7.04,253.9,3.7900925,0.89172167
125311138289025,125311096344025,10.82954036,77.05004665,265.1072998046875,9.94,256.1,4.10021,0.71399456
125312202035691,125312170211004,10.82955746,77.0498863,258.578857421875,10.31,261.6,3.7900925,5.002577
125313202580326,125313170091889,10.82954921,77.04979243,258.08697509765625,10.64,264.6,3.7900925,4.849446
125314196431836,125314169582982,10.82953857,77.04969373,258.4844970703125,11.22,269.7,3.7900925,0.4670884
125315195970794,125315170026315,10.82954534,77.04958679,259.1455078125,11.54,272.9,3.7900925,0.567389
125316199353190,125316170351991,10.82954693,77.04948267,259.802001953125,11.77,271.9,3.7900925,0.33845186
125317193550221,125317170438294,10.82955163,77.04937009,259.34130859375,11.98,272.4,3.7900925,0.2782466
125318202371262,125318169960012,10.8295571,77.04925935,259.09722900390625,12.01,272.9,3.7900925,0.33828425
125319210841835,125319170394439,10.82955892,77.04915469,258.95867919921875,11.82,270.8,3.7900925,0.40713567
125320199558553,125320169836626,10.82956191,77.04904963,257.7027587890625,11.5,272.3,3.7900925,0.36403134
125321213948917,125321170059906,10.82956288,77.04894588,257.98077392578125,11.29,270.6,3.7900925,1.0054835
125322196604750,125322170319333,10.82955997,77.0488434,257.61865234375,10.86,268.8,3.7900925,1.3696712
125323204447510,125323170552614,10.82955659,77.04874305,257.380615234375,10.51,268.2,3.7900925,0.79335356
125324209391312,125324169983656,10.82955205,77.04865506,256.74542236328125,10.02,266.7,3.7900925,1.4273024
125325216908968,125325170446779,10.82955159,77.0485577,256.21923828125,10.81,271.0,3.7900925,2.272409
125326204758134,125326169774645,10.82954564,77.04845599,255.2515869140625,11.05,267.9,3.7900925,0.3927283
125327209358081,125327170080790,10.8295493,77.0483514,255.2069091796875,11.48,268.4,3.7900925,0.56964815
125328214623966,125328169629487,10.82954356,77.0482456,255.3831787109375,11.64,266.8,3.7900925,0.7966024
125329195609331,125329170227976,10.82953959,77.04814061,255.041748046875,11.7,265.6,3.7900925,1.0397704
125330190082299,125330169950164,10.82953017,77.048035,254.34539794921875,11.49,265.1,3.7900925,1.2879107
125331189474590,125331170203341,10.82952168,77.04793474,254.96514892578125,11.14,262.6,3.7900925,1.5405494
125332203192298,125332169600371,10.82950911,77.0478388,255.1878662109375,10.81,262.6,3.7900925,1.7868714
125333196083808,125333170002037,10.82948828,77.04773935,255.2325439453125,10.63,259.7,3.7900925,2.0263472
125334206057975,125334170313340,10.82946112,77.04765245,255.123779296875,10.06,260.6,3.7900925,2.2645254
125335193581672,125335169619485,10.82944131,77.04756833,255.3724365234375,9.44,259.3,3.7900925,2.5117369
125336208973807,125336169895578,10.8294199,77.04748136,255.530029296875,9.28,260.8,3.7900925,2.7184424
125337210398651,125337170074952,10.82940642,77.04739487,255.2799072265625,9.78,264.1,3.7900925,1.2357324
125338187426463,125338169669901,10.82940125,77.04730441,255.47552490234375,9.91,267.7,3.7900925,0.89514554
125339192217764,125339169580473,10.82940454,77.04721779,255.39312744140625,9.69,274.8,3.7900925,1.9196355
125342194099012,125342169760263,10.82944502,77.04693937,254.2420654296875,10.39,279.7,3.7900925,0.39366987
125343194809324,125343170212085,10.82946155,77.04685269,254.65594482421875,9.61,282.2,3.7900925,2.2409463
125344198903178,125344170536824,10.82948572,77.04675512,254.931884765625,10.87,286.6,3.7900925,2.1893415
125345195407865,125345169595521,10.82950853,77.04666029,254.8785400390625,10.69,284.3,3.7900925,0.62226975
125346201509948,125346170029844,10.82953164,77.04656609,254.9971923828125,10.7,283.6,3.7900925,0.44775695
125347192506562,125347170454896,10.82955505,77.04647178,255.1624755859375,10.18,283.6,3.7900925,2.2916582
125348190688072,125348169861302,10.8295665,77.0463865,254.7974853515625,9.06,280.0,3.7900925,2.4272466
125349210087083,125349170041354,10.82958436,77.04630437,255.2510986328125,8.69,282.5,3.7900925,0.2771129
125350200406770,125350169948853,10.82960773,77.04622485,255.87542724609375,9.03,284.1,3.7900925,0.5082468
125351202874738,125351170332967,10.82963069,77.04614695,256.1685791015625,8.95,282.2,3.7900925,0.77548987
125352214886925,125352169889685,10.82965168,77.04607053,256.947509765625,8.86,277.1,3.7900925,1.0480626
125353200681560,125353170129216,10.82965854,77.04599008,257.39739990234375,8.87,268.7,3.7900925,1.3196355
125354195559789,125354169976560,10.82965652,77.04590323,257.266845703125,9.02,267.5,3.7900925,1.5838238
125355215264945,125355170336143,10.82965444,77.04581797,257.2027587890625,9.05,266.2,3.7900925,1.8429052
125356192174215,125356169962965,10.82965341,77.04573652,257.0233154296875,9.14,264.4,3.7900925,2.0826166
125357199444684,125357169966090,10.82965632,77.04565214,257.12939453125,9.13,264.1,3.7900925,2.2985623
125358213131662,125358170436870,10.82965772,77.04556704,256.9989013671875,9.19,266.0,3.7900925,2.4963756
125359195076141,125359169893381,10.82965965,77.04548435,256.8780517578125,9.22,267.7,3.7900925,2.6728637
125360220895724,125360170506557,10.82965678,77.04539645,256.751953125,9.23,267.1,3.7900925,2.8307106
125361214668693,125361169781818,10.82965858,77.04531516,257.505615234375,9.27,268.8,3.7900925,2.972081
125362197071088,125362170487181,10.82966141,77.04522994,257.9271240234375,9.32,269.2,3.7900925,3.086343
125363220615358,125363170440047,10.82966617,77.04514323,258.294189453125,9.41,271.5,3.7900925,3.2108514
125364194308848,125364170069941,10.82967066,77.0450542,258.864990234375,9.47,272.9,3.7900925,3.2504282
125365185240358,125365170407077,10.8296828,77.04497055,259.131591796875,9.42,273.6,3.7900925,3.3198643
125366193514264,125366169847753,10.82968913,77.0448843,259.7039794921875,9.49,273.5,3.7900925,3.3432574
125367212094211,125367170320983,10.82969861,77.04479762,259.77374267578125,9.54,276.4,3.7900925,3.3715231
125368198618638,125368169779732,10.8297069,77.04471031,260.14453125,9.63,276.9,3.7900925,0.5085116
125369209529523,125369170005512,10.82971482,77.04462082,260.9305419921875,9.66,277.7,3.7900925,0.4048783
125370216756970,125370170515512,10.82972967,77.04453665,261.1142578125,9.66,280.2,3.7900925,0.59972817
125371197897387,125371170180876,10.82974636,77.04445201,261.200439453125,9.6,280.9,3.7900925,0.7996707
125372318899834,125372169799469,10.82976139,77.04436865,261.16802978515625,9.64,280.3,3.7900925,0.999774
125375194592124,125375170127124,10.829806,77.04411261,262.3162841796875,9.62,281.7,3.7900925,1.5829726
125376198952176,125376169628686,10.82982199,77.04402732,262.755126953125,9.59,282.2,3.7900925,1.7674695
125377196986030,125377170027540,10.82983921,77.04394167,262.830078125,9.52,283.1,3.7900925,1.9368643
125378194573946,125378169636238,10.82985638,77.04385651,263.1947021484375,9.46,284.4,3.7900925,2.1018248
125379200802435,125379170077852,10.8298765,77.04377002,263.7493896484375,9.47,284.2,3.7900925,2.2476823
125380195506706,125380170559049,10.82989488,77.04368137,264.080322265625,9.54,285.7,3.7900925,2.3791752
125381204030299,125381169787279,10.82991711,77.0435935,264.2152099609375,9.62,284.8,3.7900925,2.499004
125382201359622,125382170274673,10.82994182,77.04350675,264.7772216796875,9.67,284.7,3.7900925,2.597267
125383195309152,125383169944048,10.82996389,77.04342177,264.8819580078125,9.71,284.3,3.7900925,2.6872618
125384200175610,125384169903319,10.82998765,77.0433334,264.890869140625,9.81,283.7,3.7900925,2.7577028
125385204237693,125385170529463,10.83000621,77.04324323,265.22735595703125,9.81,284.1,3.7900925,2.814514
125386208293630,125386170140193,10.83002263,77.04315551,265.5220947265625,9.83,284.5,3.7900925,2.8554223
125387214036859,125387169775452,10.83003951,77.04306711,265.91650390625,9.83,284.0,3.7900925,2.9143033
125388206320661,125388169651391,10.8300581,77.04298175,266.17041015625,9.77,283.8,3.7900925,2.9556415
125389200468994,125389169616025,10.83007653,77.04289531,266.3348388671875,9.66,283.3,3.7900925,2.9899912
125390211108421,125390170131703,10.83009056,77.04281046,266.656982421875,9.52,282.1,3.7900925,3.0160434
125391204770243,125391170200139,10.83010869,77.04272837,266.8935546875,9.39,281.6,3.7900925,3.0326807
125392212626493,125392169646025,10.83012261,77.04264706,267.27789306640625,9.26,281.4,3.7900925,3.0747542
125393215054669,125393170324304,10.83013755,77.0425658,267.401611328125,9.16,281.4,3.7900925,3.1574974
125394203475711,125394169965294,10.83015158,77.04248234,267.576171875,9.13,281.9,3.7900925,3.1658118
125395201080033,125395169632378,10.83016917,77.04240512,268.0230712890625,9.08,283.3,3.7900925,3.1644382
125396213573783,125396169310450,10.83018635,77.04232438,268.07232666015625,9.0,282.9,3.7900925,3.1648939
125397184695814,125397168954824,10.83020686,77.0422447,268.3834228515625,8.97,282.4,3.7900925,3.1728137
125398199204928,125398169355709,10.83022551,77.04216223,268.0087890625,9.03,281.3,3.7900925,3.1844618
125399202615917,125399168982844,10.8302373,77.04208117,268.2969970703125,9.1,280.2,3.7900925,3.2054622
125400214794146,125400168611854,10.83025176,77.0419992,268.06671142578125,9.26,279.7,3.7900925,3.244775
125401195742114,125401168739667,10.83026812,77.0419134,267.618408203125,9.65,279.9,3.7900925,3.2893183
125402202210343,125402169212843,10.830286,77.0418225,267.2767333984375,10.11,279.7,3.7900925,3.22418
125403204353207,125403169180758,10.83029626,77.04172849,266.54345703125,10.6,278.2,3.7900925,4.905902
125404192590863,125404168766749,10.83030863,77.04162626,266.2147216796875,11.4,274.7,3.7900925,0.5171948
125405194827477,125405169105185,10.83031198,77.04151747,266.2022705078125,11.81,273.0,3.7900925,0.24275146
125408243162945,125408169002997,10.83032507,77.04118442,264.72271728515625,12.19,274.4,3.7900925,0.61428106
125409197889820,125409169438309,10.83033236,77.04107932,264.672119140625,11.67,276.1,3.7900925,0.7601324
125410197592371,125410169097215,10.83034155,77.04097503,264.457763671875,11.5,279.5,3.7900925,0.9063993
125411191066798,125411168595184,10.83035263,77.04086969,265.566650390625,11.49,281.6,3.7900925,1.0527891
125412200813985,125412169138673,10.83036564,77.04076569,265.7562255859375,11.58,282.6,3.7900925,1.1937406
125413194164089,125413169255703,10.83038475,77.04065582,265.7694091796875,11.79,283.4,3.7900925,1.3293555
125414192982891,125414169526380,10.83040804,77.04055213,266.190673828125,11.84,284.2,3.7900925,1.4642693
125415203727630,125415169067214,10.83043274,77.04044185,265.36920166015625,11.79,283.3,3.7900925,1.5925235
125416197797369,125416168636015,10.83045832,77.04033483,265.31121826171875,11.71,285.7,3.7900925,1.7160782
125417189274764,125417168925337,10.83048609,77.04023176,264.9071044921875,11.51,286.9,3.7900925,1.8563399
125418209131639,125418169556691,10.83051257,77.04012743,264.5965576171875,11.6,284.5,3.7900925,1.9632237
125419188947368,125419169505858,10.8305365,77.04002462,264.4952392578125,11.67,283.2,3.7900925,2.061992
125420199537263,125420169149347,10.83056178,77.03991647,264.15386962890625,11.82,281.9,3.7900925,2.1423278
125421192873253,125421169020283,10.83058225,77.03981134,263.893798828125,11.84,281.8,3.7900925,2.2083209
125422206106950,125422169129555,10.83060207,77.03970661,263.48065185546875,11.74,279.9,3.7900925,2.2749407
125423200555596,125423168595752,10.83062296,77.0396081,263.1873779296875,11.58,279.7,3.7900925,2.322186
125424192317626,125424168969553,10.8306378,77.03950067,262.96124267578125,11.42,276.1,3.7900925,2.3849633
125425213036428,125425169269033,10.83064361,77.03939507,262.83905029296875,11.49,275.0,3.7900925,2.4172645
125426209248407,125426168975854,10.83065038,77.03929012,262.22265625,11.59,273.2,3.7900925,2.457432
125427208256844,125427168995074,10.8306513,77.03918243,261.455322265625,11.77,270.0,3.7900925,2.489491
125428204643406,125428168644031,10.83064371,77.03907389,260.503662109375,11.75,266.3,3.7900925,2.5274503
125429208390697,125429169248509,10.830631,77.03896396,260.389892578125,11.77,263.6,3.7900925,2.538055
125430206754812,125430169183771,10.83061748,77.03885748,260.36102294921875,11.73,262.6,3.7900925,2.5355763
125431186001634,125431169182468,10.83060484,77.03875199,260.21038818359375,11.69,263.4,3.7900925,2.5269647
125432208116530,125432169437206,10.8305927,77.03864608,260.0457763671875,11.59,263.4,3.7900925,2.5168993
125433200792519,125433168644185,10.83058024,77.03854024,259.77496337890625,11.6,262.8,3.7900925,2.5103695
125434209597779,125434169272727,10.83056738,77.03843563,259.5609130859375,11.68,262.8,3.7900925,2.4987495
125435199387310,125435168948560,10.8305549,77.03832848,259.43951416015625,11.73,262.9,3.7900925,2.4798915
125436205197830,125436168641528,10.83054025,77.03822283,259.3236083984375,11.73,262.5,3.7900925,2.4655075
125437207640382,125437169266059,10.83052579,77.03811885,259.107177734375,11.69,262.0,3.7900925,2.468008
125438193109131,125438168911215,10.83050952,77.03801389,258.7611083984375,11.73,260.5,3.7900925,2.465711
125439200169912,125439168631839,10.83049426,77.03790814,258.780029296875,11.72,260.8,3.7900925,2.454123
125449132624489,125449087648812,10.83031385,77.03693981,257.645751953125,10.63,254.9,3.7900925,0.16953172
125450195416208,125450169189437,10.83028963,77.03679098,256.109619140625,10.67,252.1,3.7900925,4.88343
125451187355166,125451169545530,10.83025617,77.03670808,256.30517578125,10.06,250.2,3.7900925,5.1663604
125452192139905,125452169473499,10.83022567,77.03663242,256.36956787109375,8.96,250.5,3.7900925,1.062617
125453196358915,125453169392352,10.83020173,77.03655295,256.5513916015625,9.05,253.3,3.7900925,0.21471013
125454195248238,125454169575685,10.83017404,77.03646643,256.35150146484375,9.48,254.1,3.7900925,0.20709074
125455196873862,125455169220268,10.83015072,77.03637962,256.574462890625,9.87,255.8,3.7900925,0.21897715
125456197394278,125456169096101,10.83012441,77.03628951,257.173583984375,10.11,255.7,3.7900925,0.23780493
125457195217716,125457168619330,10.83010834,77.0361976,256.78173828125,10.36,256.4,3.7900925,0.22304983
125458191430632,125458169321465,10.83008432,77.03610202,256.81683349609375,10.56,256.6,3.7900925,0.9691551
125459221312819,125459168963027,10.83006091,77.03601439,257.13427734375,10.16,256.2,3.7900925,0.21435086
125460218656048,125460168817246,10.83003957,77.03592433,257.0220947265625,10.47,254.8,3.7900925,0.23334298
125461197158912,125461169548026,10.83001864,77.03583122,257.0137939453125,10.26,257.1,3.7900925,0.23247457
125462206030422,125462168955162,10.82999665,77.03574454,257.82568359375,9.41,257.2,3.7900925,2.8949952
125463190431828,125463169266099,10.82997313,77.0356499,256.62078857421875,9.99,257.8,3.7900925,2.7532887
125464185994380,125464169557504,10.82995614,77.03555741,256.53839111328125,10.38,258.1,3.7900925,0.25596407
125465196122035,125465168790525,10.82994022,77.03546384,256.077392578125,10.6,261.3,3.7900925,3.2536216
125466197625941,125466169383130,10.82990831,77.0353753,256.6749267578125,10.74,255.3,3.7900925,4.8618445
125467203935003,125467169169951,10.82987775,77.0352794,256.8153076171875,11.11,253.4,3.7900925,0.35660198
125468208678180,125468168892555,10.82984908,77.03518004,256.69775390625,11.33,253.4,3.7900925,0.1852221
125469190495055,125469168640992,10.82982013,77.03507751,256.3624267578125,11.58,252.6,3.7900925,0.19933338
125470183143336,125470169067033,10.82978916,77.03497484,255.992431640625,11.77,252.3,3.7900925,0.6532584
125471200746616,125471168647086,10.82976101,77.03487278,255.7960205078125,11.78,253.1,3.7900925,0.69320077
125472197574741,125472169222866,10.82972791,77.03477225,255.9434814453125,11.85,251.7,3.7900925,0.25511917
125473191427657,125473168766460,10.82969222,77.03466946,256.02154541015625,11.8,248.3,3.7900925,2.044105
125474200297344,125474169174531,10.82965366,77.03457108,255.6270751953125,11.68,246.7,3.7900925,2.0330973
125475206057032,125475168945157,10.8296132,77.03447667,255.2806396484375,11.62,246.4,3.7900925,2.0318165
125476196624167,125476169408333,10.82957112,77.03438172,254.6304931640625,11.4,246.8,3.7900925,2.0475805
125477202680625,125477169334218,10.82953172,77.03429067,254.4017333984375,10.82,246.9,3.7900925,2.09705
125478210963228,125478169094843,10.82949197,77.03419824,254.15216064453125,10.88,247.8,3.7900925,2.1423156
125479214399478,125479169066821,10.82945285,77.03410837,254.2445068359375,11.16,248.8,3.7900925,2.1933944
125480192848853,125480168794998,10.82941133,77.03401224,253.90673828125,11.41,249.1,3.7900925,2.2429342
125481208276352,125481169238435,10.82937193,77.03391001,253.92041015625,11.72,248.3,3.7900925,4.4457994
125482212276508,125482168883695,10.8293404,77.03380725,253.85107421875,11.93,254.1,3.7900925,0.26293793
125483198431976,125483168930518,10.82930992,77.03370521,253.59814453125,11.84,253.6,3.7900925,0.163757
125484213479632,125484169268330,10.82928076,77.03359604,253.97900390625,11.72,254.9,3.7900925,0.13903427
125485193114736,125485168933330,10.82925698,77.03349491,253.90576171875,11.63,257.6,3.7900925,0.21119164
125486200661663,125486169444319,10.82923838,77.03339213,253.996337890625,11.53,259.7,3.7900925,0.39484063
125487195192704,125487168996559,10.82922063,77.03328962,254.19598388671875,11.44,258.2,3.7900925,0.59315294
125488188592495,125488168633224,10.82920532,77.03319062,254.61663818359375,10.96,259.5,3.7900925,0.79468286
125489232303537,125489168912703,10.82918333,77.03308956,254.314208984375,10.87,258.8,3.7900925,0.9956505
125490188148588,125490168646662,10.82916736,77.03298967,254.185791015625,10.95,259.8,3.7900925,1.1910983
125491205747859,125491169197859,10.82915358,77.03289114,253.8941650390625,10.97,261.0,3.7900925,1.3804402
125492184308536,125492169059474,10.82914234,77.03279282,253.6109619140625,10.95,261.5,3.7900925,1.5623084
125493213168431,125493169078482,10.82912694,77.03269348,253.56610107421875,11.18,261.2,3.7900925,1.7293185
125494205560514,125494168909629,10.82911674,77.03259004,253.468017578125,11.44,263.8,3.7900925,4.544361
125495196177909,125495168878795,10.82910755,77.03248402,253.4024658203125,11.78,265.5,3.7900925,0.20827912
125496209274419,125496168623586,10.8290977,77.03237476,253.0103759765625,11.78,266.0,3.7900925,0.21742748
125497207211659,125497169155982,10.82909395,77.03226453,252.3143310546875,11.77,267.7,3.7900925,0.40090576
125498201966814,125498168929471,10.82909376,77.03215753,252.13165283203125,11.65,266.4,3.7900925,0.60052294
125499200195512,125499168639366,10.82909394,77.03204977,251.61224365234375,11.66,266.9,3.7900925,0.8028522
125500218529626,125500169360772,10.82909092,77.03194019,251.6435546875,11.61,266.0,3.7900925,1.0033573
125501205836032,125501168865095,10.82908369,77.03183654,251.6585693359375,11.09,265.5,3.7900925,1.2018206
125502204250980,125502169486969,10.82908186,77.03174313,252.05621337890625,10.56,268.0,3.7900925,1.3988916
125503215056865,125503169253584,10.82907996,77.03164791,251.7196044921875,10.29,266.2,3.7900925,1.5837276
125504200257021,125504168988427,10.82907947,77.03155323,251.49578857421875,10.55,266.6,3.7900925,1.754228
125505214835249,125505168651083,10.82907738,77.03145424,251.3443603515625,10.74,266.4,3.7900925,1.9133515
125506217241811,125506169541343,10.82907922,77.0313546,251.1854248046875,10.88,267.6,3.7900925,2.0607462
125507206280353,125507169572956,10.82906948,77.03126071,250.85467529296875,10.62,268.3,3.7900925,0.21270043
125508216860769,125508168591706,10.82906917,77.03117156,250.51055908203125,10.0,266.0,3.7900925,0.39673686
125509222523425,125509169082644,10.82905337,77.03108892,250.58966064453125,9.13,257.9,3.7900925,0.59649765
125510215512852,125510169146810,10.82903007,77.03101546,250.581787109375,8.3,246.3,3.7900925,0.8007217
125511206433789,125511169232643,10.8289944,77.03095176,251.21014404296875,7.79,228.3,3.7900925,1.0068865
125512202770142,125512169183424,10.82893789,77.03091038,251.32421875,8.05,210.8,3.7900925,1.2130977
125513220943007,125513168637017,10.8288682,77.03088606,251.2894287109375,8.11,195.3,3.7900925,1.4183102
125514210008006,125514169223579,10.82879641,77.03087479,251.42681884765625,8.23,186.6,3.7900925,1.6184494
125515189924152,125515168765871,10.82872384,77.03087223,251.9755859375,8.29,183.7,3.7900925,1.8129514
125516185687901,125516168634672,10.8286481,77.03087092,252.52630615234375,8.33,181.2,3.7900925,6.239474
125517206453578,125517168860036,10.82857348,77.03087205,252.67169189453125,8.3,178.8,3.7900925,0.25993004
125518205132849,125518168657901,10.82849762,77.03086995,253.4808349609375,8.19,179.4,3.7900925,0.29532224
125519209517588,125519169380713,10.82842199,77.03086877,253.8521728515625,8.13,180.0,3.7900925,0.28643486
125520213874879,125520169433421,10.82834706,77.03086937,254.33380126953125,8.13,179.0,3.7900925,0.43247044
125521209625087,125521169167223,10.82827316,77.03087041,254.486083984375,8.05,178.3,3.7900925,0.63916045
125522194727795,125522168872847,10.82820633,77.03087414,254.6776123046875,7.68,177.5,3.7900925,0.8526626
125523195778315,125523168929149,10.82812947,77.03087655,255.0281982421875,8.08,178.6,3.7900925,1.0666711
125554133814028,125554093817882,10.82590869,77.03068586,253.11724853515625,8.67,240.6,3.9363258,0.7575186
125555206508819,125555169479444,10.82586061,77.03058752,248.59979248046875,8.73,241.7,3.7900925,6.045119
125556198456996,125556168606684,10.82582341,77.03049715,250.4759521484375,8.35,249.4,3.7900925,1.1605585
125557200748142,125557168860538,10.82579598,77.03043587,249.6453857421875,7.89,243.7,3.7900925,0.38156217
125558198963402,125558168949704,10.82576114,77.0303665,250.51025390625,8.44,244.2,3.7900925,0.36974567
125559204126891,125559169395902,10.82573187,77.03030182,249.2607421875,7.96,246.7,3.7900925,1.0714643
125560198534807,125560168558297,10.82570105,77.03023298,249.66064453125,8.26,246.6,3.7900925,1.0561794
125561205548609,125561168992047,10.8256731,77.03015778,249.36737060546875,9.14,249.9,3.7900925,0.34405094
125562200821942,125562168876525,10.82564871,77.03007845,248.51904296875,9.1,252.5,3.7900925,0.27425605
125563195034233,125563169066733,10.82562822,77.03000805,248.0986328125,8.28,255.6,3.7900925,0.28273788
125564214089441,125564169024389,10.82561132,77.02993451,247.66900634765625,8.02,256.9,3.7900925,0.28333154
125565200022566,125565169206368,10.82559768,77.02985654,247.355224609375,8.64,261.3,3.7900925,0.27426076
125566209536784,125566169355899,10.82558109,77.02977284,247.07244873046875,9.29,259.9,3.7900925,0.2736791
125567208173502,125567168841159,10.82557004,77.02968743,247.4805908203125,9.81,263.4,3.7900925,0.2635665
125568205007669,125568169340793,10.82556686,77.02959833,247.5216064453125,9.87,270.6,3.7900925,0.2424107
125569223880116,125569168918657,10.82557263,77.02950307,247.1651611328125,10.19,274.3,3.7900925,0.49935183
125570206278866,125570168648970,10.8255792,77.02941077,247.455322265625,10.12,274.9,3.7900925,0.77239734
125571213304595,125571169293918,10.8255908,77.02932626,247.2567138671875,9.52,277.1,3.7900925,1.0474865
125572219995896,125572168897042,10.82560079,77.02924674,246.73150634765625,8.86,277.0,3.7900925,1.3188242
125573207210323,125573168858969,10.82561136,77.02917273,246.7513427734375,8.2,275.7,3.7900925,1.586001
125574188373864,125574169382823,10.82561572,77.0290967,246.41912841796875,8.06,275.2,3.7900925,1.8476174
125575201003343,125575168902405,10.82561184,77.0290202,246.22723388671875,8.54,267.9,3.7900925,2.0982957
125576199861936,125576169265686,10.82561329,77.02894186,246.034912109375,8.62,264.0,3.7900925,2.345924
125577209156676,125577168917404,10.82559919,77.02886017,245.48590087890625,8.99,260.4,3.7900925,2.555982
125578201822352,125578169379488,10.82558223,77.028776,244.8133544921875,9.53,256.5,3.7900925,2.7536201
125579208116779,125579169148758,10.82555617,77.02869783,244.018310546875,9.03,254.5,3.7900925,2.9222763
125580203716935,125580167977351,10.82554253,77.02861053,244.38629150390625,9.28,256.9,3.7900925,3.0514214
125581202729070,125581167643133,10.82552191,77.02852926,243.92608642578125,8.84,256.7,3.7900925,3.1855462
125582222549955,125582168133184,10.82550479,77.02845457,244.647216796875,8.52,258.7,3.7900925,3.3171608
125585287954953,125585168198911,10.82545899,77.02820165,243.6181640625,9.62,261.4,3.7900925,2.6229222
125586189539744,125586167768130,10.82544444,77.02811643,243.73388671875,9.41,263.7,3.7900925,2.612427
125587191476410,125587167951150,10.82543785,77.02802715,244.4249267578125,9.55,267.3,3.7900925,2.6069732
125588191120420,125588168347608,10.82543602,77.02794263,244.06683349609375,9.07,268.7,3.7900925,2.6770666
125589188503285,125589167649274,10.82544076,77.0278255,244.05487060546875,10.9,270.1,3.7900925,2.6094074
125590192309118,125590168179066,10.82544417,77.02772583,243.88397216796875,10.42,270.5,3.7900925,2.62127
125591192988128,125591167765211,10.82544412,77.02763888,243.708251953125,9.65,270.0,3.7900925,2.6799302
125592191744377,125592168214325,10.82544425,77.02756507,242.1893310546875,8.42,269.3,3.7900925,2.7662163
125593195358856,125593167780679,10.82544792,77.02748874,242.41156005859375,8.34,267.5,3.7900925,2.851167
125594188714533,125594168106512,10.82544742,77.02740244,242.6588134765625,8.42,269.1,3.7900925,2.925484
125595187912345,125595168474845,10.82544913,77.0273091,241.2716064453125,9.6,268.7,3.7900925,2.9456167
125596186766199,125596168129949,10.82544691,77.02720851,240.521240234375,10.21,268.2,3.7900925,2.978404
125597192843386,125597168469427,10.82544728,77.02710763,239.9166259765625,10.69,269.9,3.7900925,2.9853878
125598205057708,125598168063334,10.82544792,77.02699923,239.54510498046875,11.26,270.4,3.7900925,2.9663043
125599211848281,125599168395468,10.82545443,77.02689033,239.20330810546875,11.66,274.2,3.7900925,2.9643903
125600203864843,125600168055572,10.82546629,77.02678444,238.6243896484375,11.6,278.1,3.7900925,2.9903152
125601204791926,125601168390520,10.82547802,77.02668456,238.44384765625,11.22,278.7,3.7900925,2.9929876
125602204289009,125602167868280,10.82549522,77.02658934,238.301513671875,10.87,280.7,3.7900925,3.0453067
125603214226352,125603167602655,10.82551269,77.02649326,238.27587890625,10.54,283.3,3.7900925,3.0660589
125604217007081,125604168233123,10.82552917,77.02640284,238.04541015625,10.13,279.9,3.7900925,3.1348739
125605209202602,125605167779060,10.82554223,77.02631196,237.55670166015625,9.78,276.2,3.7900925,3.1623611
125606210618487,125606168386767,10.82555092,77.02622285,237.61724853515625,9.7,273.2,3.7900925,3.217524
125607216629059,125607168102184,10.82555697,77.02613129,236.87762451171875,9.95,271.1,3.7900925,3.213263
125608187844059,125608167789319,10.82555259,77.02603566,236.4322509765625,10.09,265.6,3.7900925,3.271346
125609205003798,125609168436193,10.82554033,77.02594476,235.91827392578125,9.91,260.3,3.7900925,3.2900155
125610190670360,125610167774370,10.82552073,77.02585764,234.946533203125,9.74,253.2,3.7900925,3.3233027
125611213072547,125611167767495,10.82548777,77.02577142,234.30670166015625,9.93,245.0,3.7900925,3.3683016
125612201198536,125612168239994,10.8254458,77.02568991,233.9171142578125,10.16,240.8,3.7900925,3.382151
125613197887494,125613167777651,10.82539482,77.02561239,233.407470703125,9.83,240.3,3.7900925,3.418816
125614211879890,125614168361400,10.825355,77.02554603,233.2198486328125,8.63,237.9,3.7900925,3.437287
125615193014004,125615167632910,10.82532265,77.02549422,233.049560546875,6.85,246.3,3.7900925,3.593298
125616191970201,125616168100722,10.82529536,77.02544913,232.9935302734375,6.02,236.4,3.7900925,3.7222884
125617200640305,125617168104368,10.82526747,77.0254054,232.98193359375,5.89,238.0,3.7900925,3.8339646
125618216215149,125618168456295,10.82523878,77.02536529,232.83740234375,6.08,238.3,3.7900925,3.9615965
125619213950304,125619168037752,10.82520461,77.02529169,232.57696533203125,7.39,237.2,3.7900925,7.0062027
125620199487752,125620168164783,10.82515973,77.02523396,233.0325927734375,8.02,234.7,3.7900925,6.4422154
125621212369939,125621168443012,10.82510822,77.02516867,233.422119140625,8.7,232.9,3.7900925,0.35135233
125622215231553,125622167890512,10.82506042,77.02510172,233.203857421875,8.73,235.4,3.7900925,0.42529812
125623199887022,125623167634001,10.82500588,77.0250389,232.8658447265625,9.12,231.4,3.7900925,1.9134787
125624206927855,125624168215042,10.82495733,77.02496599,233.15313720703125,9.77,232.2,3.7900925,3.1137185
125625200320927,125625167660875,10.82490253,77.02490132,232.26763916015625,9.76,230.3,3.7900925,3.4842136
125626213264416,125626168554052,10.82485008,77.02482573,231.769287109375,9.59,233.8,3.7900925,2.5798285
125627216662749,125627168134520,10.82479291,77.02475506,231.5072021484375,10.05,231.4,3.7900925,2.5763874
125628207547436,125628167628218,10.82473977,77.02467006,231.57244873046875,10.45,237.5,3.7900925,1.9778612
125629216184051,125629168093634,10.82468682,77.02458965,231.6402587890625,10.58,237.6,3.7900925,1.8408084
125630194728738,125630167636654,10.82463721,77.02450524,230.81353759765625,10.67,237.2,3.7900925,1.84195
125631188921758,125631168170353,10.82458417,77.02442652,230.859375,10.06,237.8,3.7900925,1.8818334
125632188835404,125632167930976,10.82453163,77.02434008,230.61920166015625,10.81,239.5,3.7900925,1.9066832
125633214832122,125633168402903,10.82448489,77.02425408,230.6163330078125,10.41,244.8,3.7900925,0.63685036
125634197343580,125634168013164,10.82444497,77.02415587,230.4295654296875,10.93,251.4,3.7900925,0.66117793
125635207208215,125635167629309,10.82441175,77.024065,229.32403564453125,11.1,251.7,3.7900925,0.24591103
125636211758215,125636168209309,10.82438507,77.0239611,228.9649658203125,11.25,253.4,3.7900925,0.41160065
125637199937902,125637167763839,10.82435608,77.02386119,228.39031982421875,11.22,252.8,3.7900925,0.17091666
125638202571860,125638168321444,10.82432831,77.02376358,229.03662109375,10.45,253.4,3.7900925,0.17920154
125639305483369,125639167758578,10.82430428,77.02367901,229.0087890625,9.6,253.5,3.7900925,0.21140042
